Timestamp,Hub,Injury
2022-07-15 19:05:00,Belfort,Schaafwonde
2022-07-15 19:06:00,Belfort,Huidwonde
2022-07-15 19:16:00,Belfort,Insectenbeet
2022-07-15 19:48:00,Belfort,Blaren
2022-07-15 19:52:00,Belfort,Alcohol intoxicatie
2022-07-15 20:04:00,Belfort,Snijwonde
2022-07-15 20:09:00,Belfort,Maag/darm
2022-07-15 20:14:00,Belfort,Huidwonde
2022-07-15 20:21:00,Belfort,Blaren
2022-07-15 20:28:00,Belfort,Insectenbeet
2022-07-15 20:45:00,Belfort,Insectenbeet
2022-07-15 19:55:00,Belfort,Insectenbeet
2022-07-15 21:05:00,Belfort,Huidwonde
2022-07-15 21:09:00,Belfort,Insectenbeet
2022-07-15 21:16:00,Belfort,Huidwonde
2022-07-15 21:36:00,Belfort,Breuk/kneuzing
2022-07-15 21:46:00,Belfort,Verstuiking enkel
2022-07-15 21:50:00,Belfort,Eigen medicatie
2022-07-15 21:50:00,Belfort,Huidwonde
2022-07-15 22:05:00,Belfort,Syncope/flauwte
2022-07-15 22:15:00,Belfort,Blaren
2022-07-15 22:22:00,Belfort,Alcohol intoxicatie
2022-07-15 22:27:00,Belfort,Blaren
2022-07-15 22:29:00,Belfort,Huidwonde
2022-07-15 22:40:00,Belfort,Huidwonde
2022-07-15 22:40:00,Belfort,Snijwonde
2022-07-15 22:37:00,Belfort,Huidwonde
2022-07-15 23:05:00,Belfort,Maag/darm
2022-07-15 22:47:00,Belfort,Maag/darm
2022-07-15 22:50:00,Belfort,Snijwonde
2022-07-15 22:49:00,Belfort,Huidwonde
2022-07-15 22:46:00,Belfort,Intoxicatie
2022-07-15 22:47:00,Belfort,Snijwonde
2022-07-15 23:10:00,Belfort,Blaren
2022-07-15 23:12:00,Belfort,Andere
2022-07-15 23:17:00,Belfort,Huidwonde
2022-07-15 23:20:00,Belfort,Alcohol intoxicatie
2022-07-15 23:25:00,Belfort,Huidwonde
2022-07-15 23:37:00,Belfort,Maag/darm
2022-07-15 23:42:00,Belfort,Huidwonde
2022-07-15 23:46:00,Belfort,Breuk/kneuzing
2022-07-15 23:45:00,Belfort,Breuk/kneuzing
2022-07-15 23:57:00,Belfort,Breuk/kneuzing
2022-07-16 00:03:00,Belfort,Neusbloeding
2022-07-16 00:15:00,Belfort,Huidwonde
2022-07-16 00:15:00,Belfort,Alcohol intoxicatie
2022-07-16 00:21:00,Belfort,Spierpijn
2022-07-16 00:25:00,Belfort,Blaren
2022-07-16 00:42:00,Belfort,Breuk/kneuzing
2022-07-16 00:50:00,Belfort,Breuk/kneuzing
2022-07-16 00:55:00,Belfort,Alcohol intoxicatie
2022-07-16 01:02:00,Belfort,Diabetes
2022-07-16 00:15:00,Belfort,Ademhaling
2022-07-16 01:15:00,Belfort,Hoofdpijn
2022-07-16 01:23:00,Belfort,Breuk/kneuzing
2022-07-16 01:20:00,Belfort,Schaafwonde
2022-07-16 01:33:00,Belfort,Snijwonde
2022-07-16 01:33:00,Belfort,Breuk/kneuzing
2022-07-16 01:43:00,Belfort,Schaafwonde
2022-07-16 01:46:00,Belfort,Huidwonde
2022-07-16 02:10:00,Belfort,Schaafwonde
2022-07-16 01:52:00,Belfort,Alcohol intoxicatie
2022-07-16 02:04:00,Belfort,Snijwonde
2022-07-16 03:06:00,Belfort,Alcohol intoxicatie
2022-07-16 02:53:00,Belfort,Alcohol intoxicatie
2022-07-16 03:02:00,Belfort,Andere
2022-07-16 02:58:00,Belfort,Huidwonde
2022-07-16 03:03:00,Belfort,Blaren
2022-07-16 03:18:00,Belfort,Andere
2022-07-16 03:35:00,Belfort,Snijwonde
2022-07-16 03:35:00,Belfort,Andere
2022-07-16 03:51:00,Belfort,Snijwonde
2022-07-16 04:01:00,Belfort,Snijwonde
2022-07-16 04:02:00,Belfort,Intoxicatie
2022-07-16 04:17:00,Belfort,Snijwonde
2022-07-16 05:07:00,Belfort,Breuk/kneuzing
2022-07-16 05:36:00,Belfort,Breuk/kneuzing
2022-07-16 06:25:00,Belfort,Snijwonde
2022-07-16 06:13:00,Belfort,Hoofdpijn
2022-07-16 14:03:00,Belfort,Verstuiking enkel
2022-07-16 14:39:00,Belfort,Snijwonde
2022-07-16 14:57:00,Belfort,Syncope/flauwte
2022-07-16 15:04:00,Belfort,Alcohol intoxicatie
2022-07-16 15:10:00,Belfort,Schaafwonde
2022-07-16 15:15:00,Belfort,Schaafwonde
2022-07-16 15:31:00,Belfort,Huidwonde
2022-07-16 15:48:00,Belfort,Insectenbeet
2022-07-16 15:50:00,Belfort,Snijwonde
2022-07-16 15:52:00,Belfort,Blaren
2022-07-16 15:56:00,Belfort,Verstuiking enkel
2022-07-16 15:57:00,Belfort,Andere
2022-07-16 16:15:00,Belfort,Drugs intoxicatie
2022-07-16 16:38:00,Belfort,Blaren
2022-07-16 16:54:00,Belfort,Huidwonde
2022-07-16 16:56:00,Belfort,Brandwonde
2022-07-16 17:10:00,Belfort,Schaafwonde
2022-07-16 17:30:00,Belfort,Huidwonde
2022-07-16 17:39:00,Belfort,Andere
2022-07-16 17:41:00,Belfort,Insectenbeet
2022-07-16 17:59:00,Belfort,Blaren
2022-07-16 18:22:00,Belfort,Blaren
2022-07-16 18:31:00,Belfort,Huidwonde
2022-07-16 18:39:00,Belfort,Huidwonde
2022-07-16 18:49:00,Belfort,Insectenbeet
2022-07-16 18:50:00,Belfort,Insectenbeet
2022-07-16 18:56:00,Belfort,Blaren
2022-07-16 19:20:00,Belfort,Verstuiking enkel
2022-07-16 19:30:00,Belfort,Huidwonde
2022-07-16 19:34:00,Belfort,Insectenbeet
2022-07-16 19:37:00,Belfort,Rugpijn
2022-07-16 19:44:00,Belfort,Breuk/kneuzing
2022-07-16 19:51:00,Belfort,Huidwonde
2022-07-16 19:54:00,Belfort,Brandwonde
2022-07-16 20:12:00,Belfort,Verstuiking enkel
2022-07-16 20:17:00,Belfort,Huidwonde
2022-07-16 20:20:00,Belfort,Zonnebrand
2022-07-16 20:25:00,Belfort,Huidwonde
2022-07-16 20:32:00,Belfort,Blaren
2022-07-16 20:34:00,Belfort,Blaren
2022-07-16 20:41:00,Belfort,Maag/darm
2022-07-16 20:55:00,Belfort,Snijwonde
2022-07-16 20:57:00,Belfort,Huidwonde
2022-07-16 21:05:00,Belfort,Blaren
2022-07-16 21:09:00,Belfort,Rugpijn
2022-07-16 21:30:00,Belfort,Verstuiking enkel
2022-07-16 21:30:00,Belfort,Hoofdpijn
2022-07-16 21:34:00,Belfort,Blaren
2022-07-16 21:52:00,Belfort,Blaren
2022-07-16 21:55:00,Belfort,Hyperventilatie
2022-07-16 22:01:00,Belfort,Snijwonde
2022-07-16 21:45:00,Belfort,Syncope/flauwte
2022-07-16 22:06:00,Belfort,Intoxicatie
2022-07-16 23:22:00,Belfort,Huidwonde
2022-07-16 23:10:00,Belfort,Verstuiking enkel
2022-07-16 23:14:00,Belfort,Hoofdpijn
2022-07-16 23:13:00,Belfort,Schaafwonde
2022-07-16 23:10:00,Belfort,Blaren
2022-07-16 23:12:00,Belfort,Breuk/kneuzing
2022-07-16 22:18:00,Belfort,Blaren
2022-07-16 22:35:00,Belfort,Huidwonde
2022-07-16 22:39:00,Belfort,Blaren
2022-07-16 22:48:00,Belfort,Neusbloeding
2022-07-16 23:01:00,Belfort,Oogletsel
2022-07-16 23:00:00,Belfort,Breuk/kneuzing
2022-07-16 23:08:00,Belfort,Hooikoorts
2022-07-16 23:22:00,Belfort,Insectenbeet
2022-07-16 23:30:00,Belfort,Huidwonde
2022-07-16 23:28:00,Belfort,Syncope/flauwte
2022-07-17 00:25:00,Belfort,Alcohol intoxicatie
2022-07-17 00:24:00,Belfort,Intoxicatie
2022-07-17 00:02:00,Belfort,Huidwonde
2022-07-17 00:11:00,Belfort,Hoofdpijn
2022-07-17 00:11:00,Belfort,Snijwonde
2022-07-17 00:21:00,Belfort,Hoofdpijn
2022-07-17 00:18:00,Belfort,Breuk/kneuzing
2022-07-17 00:48:00,Belfort,Andere
2022-07-17 00:15:00,Belfort,Snijwonde
2022-07-17 00:39:00,Belfort,Alcohol intoxicatie
2022-07-17 00:52:00,Belfort,Schaafwonde
2022-07-17 01:02:00,Belfort,Snijwonde
2022-07-17 01:08:00,Belfort,Verstuiking enkel
2022-07-17 01:08:00,Belfort,Menstruatie
2022-07-17 01:25:00,Belfort,Breuk/kneuzing
2022-07-17 01:22:00,Belfort,Huidwonde
2022-07-17 01:28:00,Belfort,Schaafwonde
2022-07-17 01:30:00,Belfort,Alcohol intoxicatie
2022-07-17 01:34:00,Belfort,Breuk/kneuzing
2022-07-17 01:36:00,Belfort,Huidwonde
2022-07-17 01:44:00,Belfort,Verstuiking enkel
2022-07-17 01:55:00,Belfort,Verstuiking enkel
2022-07-17 01:52:00,Belfort,Breuk/kneuzing
2022-07-17 02:10:00,Belfort,Breuk/kneuzing
2022-07-17 02:01:00,Belfort,Drugs intoxicatie
2022-07-17 02:18:00,Belfort,Huidwonde
2022-07-17 02:20:00,Belfort,Huidwonde
2022-07-17 02:30:00,Belfort,Snijwonde
2022-07-17 02:25:00,Belfort,Intoxicatie
2022-07-17 02:40:00,Belfort,Huidwonde
2022-07-17 02:46:00,Belfort,Huidwonde
2022-07-17 03:24:00,Belfort,Andere
2022-07-17 02:46:00,Belfort,Huidwonde
2022-07-17 03:03:00,Belfort,Rugpijn
2022-07-17 03:00:00,Belfort,Huidwonde
2022-07-17 03:11:00,Belfort,Oogletsel
2022-07-17 03:12:00,Belfort,Schaafwonde
2022-07-17 03:12:00,Belfort,Huidwonde
2022-07-17 03:48:00,Belfort,Huidwonde
2022-07-17 03:57:00,Belfort,Huidwonde
2022-07-17 03:15:00,Belfort,Breuk/kneuzing
2022-07-17 04:31:00,Belfort,Huidwonde
2022-07-17 04:36:00,Belfort,Huidwonde
2022-07-17 04:42:00,Belfort,Alcohol intoxicatie
2022-07-17 04:45:00,Belfort,Schaafwonde
2022-07-17 04:11:00,Belfort,Drugs intoxicatie
2022-07-17 05:01:00,Belfort,Blaren
2022-07-17 05:33:00,Belfort,Keelpijn
2022-07-17 05:44:00,Belfort,Blaren
2022-07-17 13:35:00,Belfort,Intoxicatie
2022-07-17 13:45:00,Belfort,Blaren
2022-07-17 14:04:00,Belfort,Schaafwonde
2022-07-17 14:22:00,Belfort,Insectenbeet
2022-07-17 14:23:00,Belfort,Blaren
2022-07-17 15:01:00,Belfort,Blaren
2022-07-17 14:25:00,Belfort,Breuk/kneuzing
2022-07-17 14:25:00,Belfort,Huidwonde
2022-07-17 14:15:00,Belfort,Syncope/flauwte
2022-07-17 14:41:00,Belfort,Blaren
2022-07-17 14:48:00,Belfort,Hoofdpijn
2022-07-17 15:12:00,Belfort,Snijwonde
2022-07-17 15:16:00,Belfort,Huidwonde
2022-07-17 15:19:00,Belfort,Blaren
2022-07-17 15:28:00,Belfort,Schaafwonde
2022-07-17 15:43:00,Belfort,Blaren
2022-07-17 15:52:00,Belfort,Snijwonde
2022-07-17 15:58:00,Belfort,Menstruatie
2022-07-17 16:02:00,Belfort,Insectenbeet
2022-07-17 16:14:00,Belfort,Schaafwonde
2022-07-17 15:58:00,Belfort,Hartklachten
2022-07-17 16:33:00,Belfort,Insectenbeet
2022-07-17 16:46:00,Belfort,Insectenbeet
2022-07-17 16:56:00,Belfort,Breuk/kneuzing
2022-07-17 17:06:00,Belfort,Blaren
2022-07-17 17:09:00,Belfort,Breuk/kneuzing
2022-07-17 17:48:00,Belfort,Blaren
2022-07-17 17:50:00,Belfort,Blaren
2022-07-17 18:06:00,Belfort,Snijwonde
2022-07-17 18:09:00,Belfort,Oogletsel
2022-07-17 18:16:00,Belfort,Huidwonde
2022-07-17 18:24:00,Belfort,Blaren
2022-07-17 18:35:00,Belfort,Oogletsel
2022-07-17 18:38:00,Belfort,Schaafwonde
2022-07-17 18:38:00,Belfort,Hoofdpijn
2022-07-17 18:43:00,Belfort,Insectenbeet
2022-07-17 18:44:00,Belfort,Snijwonde
2022-07-17 18:45:00,Belfort,Blaren
2022-07-17 18:30:00,Belfort,Huidwonde
2022-07-17 18:54:00,Belfort,Huidwonde
2022-07-17 18:45:00,Belfort,Syncope/flauwte
2022-07-17 19:00:00,Belfort,Neusbloeding
2022-07-17 19:00:00,Belfort,Schaafwonde
2022-07-17 18:50:00,Belfort,Schaafwonde
2022-07-17 19:08:00,Belfort,Breuk/kneuzing
2022-07-17 19:15:00,Belfort,Schaafwonde
2022-07-17 19:23:00,Belfort,Huidwonde
2022-07-17 19:25:00,Belfort,Insectenbeet
2022-07-17 19:30:00,Belfort,Rugpijn
2022-07-17 19:48:00,Belfort,Spierpijn
2022-07-17 19:56:00,Belfort,Blaren
2022-07-17 19:57:00,Belfort,Oogletsel
2022-07-17 19:45:00,Belfort,Syncope/flauwte
2022-07-17 20:00:00,Belfort,Neusbloeding
2022-07-17 20:08:00,Belfort,Verstuiking enkel
2022-07-17 20:09:00,Belfort,Blaren
2022-07-17 20:11:00,Belfort,Schaafwonde
2022-07-17 20:13:00,Belfort,Huidwonde
2022-07-17 20:18:00,Belfort,Syncope/flauwte
2022-07-17 19:55:00,Belfort,Andere
2022-07-17 20:37:00,Belfort,Blaren
2022-07-17 20:48:00,Belfort,Blaren
2022-07-17 20:49:00,Belfort,Keelpijn
2022-07-17 20:53:00,Belfort,Tandpijn
2022-07-17 21:03:00,Belfort,Insectenbeet
2022-07-17 21:03:00,Belfort,Neusbloeding
2022-07-17 21:05:00,Belfort,Insectenbeet
2022-07-17 21:10:00,Belfort,Schaafwonde
2022-07-17 21:10:00,Belfort,Insectenbeet
2022-07-17 21:20:00,Belfort,Insectenbeet
2022-07-17 21:20:00,Belfort,Blaren
2022-07-17 21:30:00,Belfort,Blaren
2022-07-17 21:31:00,Belfort,Huidwonde
2022-07-17 21:32:00,Belfort,Neusbloeding
2022-07-17 21:33:00,Belfort,Insectenbeet
2022-07-17 21:40:00,Belfort,Snijwonde
2022-07-17 21:43:00,Belfort,Blaren
2022-07-17 21:43:00,Belfort,Blaren
2022-07-17 21:50:00,Belfort,Andere
2022-07-17 21:50:00,Belfort,Syncope/flauwte
2022-07-17 21:56:00,Belfort,Syncope/flauwte
2022-07-17 22:02:00,Belfort,Snijwonde
2022-07-17 21:59:00,Belfort,Blaren
2022-07-17 22:19:00,Belfort,Huidwonde
2022-07-17 22:15:00,Belfort,Syncope/flauwte
2022-07-17 22:17:00,Belfort,Huidwonde
2022-07-17 22:20:00,Belfort,Huidwonde
2022-07-17 22:19:00,Belfort,Syncope/flauwte
2022-07-17 22:30:00,Belfort,Syncope/flauwte
2022-07-17 22:33:00,Belfort,Huidwonde
2022-07-17 22:34:00,Belfort,Blaren
2022-07-17 22:35:00,Belfort,Andere
2022-07-17 22:40:00,Belfort,Schaafwonde
2022-07-17 22:45:00,Belfort,Huidwonde
2022-07-17 22:59:00,Belfort,Snijwonde
2022-07-17 23:06:00,Belfort,Huidwonde
2022-07-17 23:01:00,Belfort,Huidwonde
2022-07-17 23:10:00,Belfort,Maag/darm
2022-07-17 23:10:00,Belfort,Blaren
2022-07-17 23:16:00,Belfort,Blaren
2022-07-17 23:20:00,Belfort,Rugpijn
2022-07-17 23:20:00,Belfort,Breuk/kneuzing
2022-07-17 23:20:00,Belfort,Snijwonde
2022-07-17 23:29:00,Belfort,Blaren
2022-07-17 23:30:00,Belfort,Syncope/flauwte
2022-07-17 23:33:00,Belfort,Schaafwonde
2022-07-17 23:38:00,Belfort,Blaren
2022-07-17 23:53:00,Belfort,Hoofdpijn
2022-07-17 23:59:00,Belfort,Huidwonde
2022-07-18 00:05:00,Belfort,Blaren
2022-07-18 00:15:00,Belfort,Alcohol intoxicatie
2022-07-18 00:28:00,Belfort,Blaren
2022-07-18 00:34:00,Belfort,Hyperventilatie
2022-07-18 00:36:00,Belfort,Schaafwonde
2022-07-18 01:00:00,Belfort,Neusbloeding
2022-07-18 01:02:00,Belfort,Andere
2022-07-18 01:05:00,Belfort,Oogletsel
2022-07-18 01:15:00,Belfort,Schaafwonde
2022-07-18 01:31:00,Belfort,Alcohol intoxicatie
2022-07-18 00:13:00,Belfort,Alcohol intoxicatie
2022-07-18 01:33:00,Belfort,Neusbloeding
2022-07-18 01:52:00,Belfort,Blaren
2022-07-18 02:02:00,Belfort,Maag/darm
2022-07-18 02:20:00,Belfort,Alcohol intoxicatie
2022-07-18 02:34:00,Belfort,Hyperventilatie
2022-07-18 02:26:00,Belfort,Huidwonde
2022-07-18 03:01:00,Belfort,Snijwonde
2022-07-18 03:10:00,Belfort,Alcohol intoxicatie
2022-07-18 03:12:00,Belfort,Hoofdpijn
2022-07-18 03:44:00,Belfort,Andere
2022-07-18 03:50:00,Belfort,Schaafwonde
2022-07-18 03:43:00,Belfort,Breuk/kneuzing
2022-07-18 04:10:00,Belfort,Syncope/flauwte
2022-07-18 04:51:00,Belfort,Snijwonde
2022-07-18 03:02:00,Belfort,Alcohol intoxicatie
2022-07-18 13:34:00,Belfort,Insectenbeet
2022-07-18 13:54:00,Belfort,Blaren
2022-07-18 14:15:00,Belfort,Snijwonde
2022-07-18 14:24:00,Belfort,Blaren
2022-07-18 14:33:00,Belfort,Snijwonde
2022-07-18 15:04:00,Belfort,Blaren
2022-07-18 15:40:00,Belfort,Andere
2022-07-18 16:03:00,Belfort,Huidwonde
2022-07-18 16:06:00,Belfort,Huidwonde
2022-07-18 16:15:00,Belfort,Breuk/kneuzing
2022-07-18 16:35:00,Belfort,Schaafwonde
2022-07-18 17:22:00,Belfort,Andere
2022-07-18 17:24:00,Belfort,Huidwonde
2022-07-18 17:25:00,Belfort,Syncope/flauwte
2022-07-18 18:02:00,Belfort,Andere
2022-07-18 18:07:00,Belfort,Insectenbeet
2022-07-18 17:45:00,Belfort,Syncope/flauwte
2022-07-18 17:55:00,Belfort,Intoxicatie
2022-07-18 18:28:00,Belfort,Schaafwonde
2022-07-18 18:29:00,Belfort,Syncope/flauwte
2022-07-18 18:25:00,Belfort,Snijwonde
2022-07-18 18:38:00,Belfort,Andere
2022-07-18 18:38:00,Belfort,Hoofdpijn
2022-07-18 18:41:00,Belfort,Huidwonde
2022-07-18 18:51:00,Belfort,Andere
2022-07-18 19:02:00,Belfort,Blaren
2022-07-18 19:10:00,Belfort,Brandwonde
2022-07-18 19:26:00,Belfort,Huidwonde
2022-07-18 19:00:00,Belfort,Epilepsie
2022-07-18 19:20:00,Belfort,Snijwonde
2022-07-18 19:45:00,Belfort,Insectenbeet
2022-07-18 19:45:00,Belfort,Blaren
2022-07-18 19:48:00,Belfort,Blaren
2022-07-18 19:57:00,Belfort,Schaafwonde
2022-07-18 19:56:00,Belfort,Insectenbeet
2022-07-18 19:40:00,Belfort,Insectenbeet
2022-07-18 19:59:00,Belfort,Blaren
2022-07-18 19:50:00,Belfort,Verstuiking enkel
2022-07-18 19:45:00,Belfort,Neusbloeding
2022-07-18 20:06:00,Belfort,Brandwonde
2022-07-18 20:17:00,Belfort,Blaren
2022-07-18 20:25:00,Belfort,Andere
2022-07-18 20:29:00,Belfort,Schaafwonde
2022-07-18 20:05:00,Belfort,Syncope/flauwte
2022-07-18 20:34:00,Belfort,Hoofdpijn
2022-07-18 20:40:00,Belfort,Blaren
2022-07-18 20:40:00,Belfort,Insectenbeet
2022-07-18 20:41:00,Belfort,Syncope/flauwte
2022-07-18 20:45:00,Belfort,Insectenbeet
2022-07-18 20:50:00,Belfort,Schaafwonde
2022-07-18 20:55:00,Belfort,Brandwonde
2022-07-18 21:05:00,Belfort,Brandwonde
2022-07-18 21:18:00,Belfort,Blaren
2022-07-18 21:38:00,Belfort,Blaren
2022-07-18 21:35:00,Belfort,Blaren
2022-07-18 21:42:00,Belfort,Snijwonde
2022-07-18 21:45:00,Belfort,Blaren
2022-07-18 21:43:00,Belfort,Breuk/kneuzing
2022-07-18 22:49:00,Belfort,Blaren
2022-07-18 21:50:00,Belfort,Hoofdpijn
2022-07-18 21:55:00,Belfort,Huidwonde
2022-07-18 22:00:00,Belfort,Allergie
2022-07-18 22:13:00,Belfort,Andere
2022-07-18 22:00:00,Belfort,Syncope/flauwte
2022-07-18 22:20:00,Belfort,Insectenbeet
2022-07-18 22:25:00,Belfort,Hartklachten
2022-07-18 22:24:00,Belfort,Insectenbeet
2022-07-18 22:25:00,Belfort,Verstuiking enkel
2022-07-18 22:15:00,Belfort,Hyperventilatie
2022-07-18 23:10:00,Belfort,Snijwonde
2022-07-18 23:20:00,Belfort,Andere
2022-07-18 23:20:00,Belfort,Huidwonde
2022-07-18 23:54:00,Belfort,Snijwonde
2022-07-18 22:50:00,Belfort,Huidwonde
2022-07-18 22:30:00,Belfort,Andere
2022-07-18 23:33:00,Belfort,Schaafwonde
2022-07-18 22:51:00,Belfort,Snijwonde
2022-07-18 23:33:00,Belfort,Hoofdpijn
2022-07-18 23:50:00,Belfort,Insectenbeet
2022-07-19 00:03:00,Belfort,Andere
2022-07-19 00:09:00,Belfort,Andere
2022-07-19 00:10:00,Belfort,Hoofdpijn
2022-07-19 00:10:00,Belfort,Maag/darm
2022-07-19 00:26:00,Belfort,Blaren
2022-07-19 00:26:00,Belfort,Huidwonde
2022-07-19 00:34:00,Belfort,Breuk/kneuzing
2022-07-19 00:37:00,Belfort,Blaren
2022-07-19 00:45:00,Belfort,Blaren
2022-07-19 00:47:00,Belfort,Huidwonde
2022-07-19 00:48:00,Belfort,Spierpijn
2022-07-19 00:48:00,Belfort,Blaren
2022-07-19 00:49:00,Belfort,Huidwonde
2022-07-19 01:00:00,Belfort,Breuk/kneuzing
2022-07-19 01:10:00,Belfort,Spierpijn
2022-07-19 01:14:00,Belfort,Rugpijn
2022-07-19 01:19:00,Belfort,Huidwonde
2022-07-19 01:20:00,Belfort,Verstuiking enkel
2022-07-19 01:25:00,Belfort,Intoxicatie
2022-07-19 01:30:00,Belfort,Oogletsel
2022-07-19 01:37:00,Belfort,Oogletsel
2022-07-19 01:38:00,Belfort,Huidwonde
2022-07-19 01:53:00,Belfort,Maag/darm
2022-07-19 02:03:00,Belfort,Insectenbeet
2022-07-19 02:05:00,Belfort,Huidwonde
2022-07-19 02:00:00,Belfort,Brandwonde
2022-07-19 01:45:00,Belfort,Intoxicatie
2022-07-19 02:00:00,Belfort,Andere
2022-07-19 02:12:00,Belfort,Huidwonde
2022-07-19 02:19:00,Belfort,Blaren
2022-07-19 02:35:00,Belfort,Breuk/kneuzing
2022-07-19 02:39:00,Belfort,Hoofdpijn
2022-07-19 02:42:00,Belfort,Huidwonde
2022-07-19 02:42:00,Belfort,Blaren
2022-07-19 02:42:00,Belfort,Brandwonde
2022-07-19 02:48:00,Belfort,Syncope/flauwte
2022-07-19 03:04:00,Belfort,Insectenbeet
2022-07-19 03:07:00,Belfort,Intoxicatie
2022-07-19 03:21:00,Belfort,Verstuiking enkel
2022-07-19 03:39:00,Belfort,Andere
2022-07-19 03:36:00,Belfort,Intoxicatie
2022-07-19 03:40:00,Belfort,Alcohol intoxicatie
2022-07-19 03:50:00,Belfort,Breuk/kneuzing
2022-07-19 03:26:00,Belfort,Intoxicatie
2022-07-19 03:54:00,Belfort,Breuk/kneuzing
2022-07-19 03:50:00,Belfort,Breuk/kneuzing
2022-07-19 03:59:00,Belfort,Breuk/kneuzing
2022-07-19 04:05:00,Belfort,Maag/darm
2022-07-19 04:10:00,Belfort,Breuk/kneuzing
2022-07-19 04:15:00,Belfort,Snijwonde
2022-07-19 04:36:00,Belfort,Rugpijn
2022-07-19 05:15:00,Belfort,Andere
2022-07-19 05:19:00,Belfort,Spierpijn
2022-07-19 13:26:00,Belfort,Insectenbeet
2022-07-19 14:20:00,Belfort,Syncope/flauwte
2022-07-19 14:50:00,Belfort,Insectenbeet
2022-07-19 15:25:00,Belfort,Syncope/flauwte
2022-07-19 16:51:00,Belfort,Blaren
2022-07-19 16:54:00,Belfort,Huidwonde
2022-07-19 17:01:00,Belfort,Huidwonde
2022-07-19 17:08:00,Belfort,Blaren
2022-07-19 17:09:00,Belfort,Huidwonde
2022-07-19 17:08:00,Belfort,Blaren
2022-07-19 17:20:00,Belfort,Syncope/flauwte
2022-07-19 17:49:00,Belfort,Insectenbeet
2022-07-19 17:52:00,Belfort,Blaren
2022-07-19 17:53:00,Belfort,Snijwonde
2022-07-19 18:01:00,Belfort,Insectenbeet
2022-07-19 18:12:00,Belfort,Andere
2022-07-19 18:15:00,Belfort,Brandwonde
2022-07-19 18:37:00,Belfort,Huidwonde
2022-07-19 18:40:00,Belfort,Andere
2022-07-19 18:42:00,Belfort,Andere
2022-07-19 18:44:00,Belfort,Huidwonde
2022-07-19 18:50:00,Belfort,Snijwonde
2022-07-19 18:33:00,Belfort,Diabetes
2022-07-19 19:24:00,Belfort,Spierpijn
2022-07-19 19:39:00,Belfort,Syncope/flauwte
2022-07-19 19:46:00,Belfort,Blaren
2022-07-19 19:46:00,Belfort,Syncope/flauwte
2022-07-19 20:10:00,Belfort,Blaren
2022-07-19 20:16:00,Belfort,Insectenbeet
2022-07-19 20:22:00,Belfort,Insectenbeet
2022-07-19 20:45:00,Belfort,Snijwonde
2022-07-19 20:52:00,Belfort,Schaafwonde
2022-07-19 21:01:00,Belfort,Snijwonde
2022-07-19 21:21:00,Belfort,Blaren
2022-07-19 21:23:00,Belfort,Blaren
2022-07-19 21:26:00,Belfort,Hoofdpijn
2022-07-19 21:35:00,Belfort,Snijwonde
2022-07-19 21:51:00,Belfort,Blaren
2022-07-19 22:02:00,Belfort,Insectenbeet
2022-07-19 22:02:00,Belfort,Huidwonde
2022-07-19 22:13:00,Belfort,Insectenbeet
2022-07-19 22:17:00,Belfort,Blaren
2022-07-19 22:18:00,Belfort,Andere
2022-07-19 22:25:00,Belfort,Blaren
2022-07-19 22:23:00,Belfort,Schaafwonde
2022-07-19 22:37:00,Belfort,Maag/darm
2022-07-19 22:43:00,Belfort,Maag/darm
2022-07-19 22:48:00,Belfort,Blaren
2022-07-19 22:52:00,Belfort,Huidwonde
2022-07-19 22:53:00,Belfort,Zonnebrand
2022-07-19 23:10:00,Belfort,Snijwonde
2022-07-19 23:12:00,Belfort,Blaren
2022-07-19 23:14:00,Belfort,Allergie
2022-07-19 23:23:00,Belfort,Snijwonde
2022-07-19 23:23:00,Belfort,Andere
2022-07-19 23:26:00,Belfort,Huidwonde
2022-07-19 23:48:00,Belfort,Hyperventilatie
2022-07-20 00:00:00,Belfort,Huidwonde
2022-07-20 00:07:00,Belfort,Andere
2022-07-20 00:10:00,Belfort,Snijwonde
2022-07-20 00:17:00,Belfort,Blaren
2022-07-20 00:28:00,Belfort,Andere
2022-07-20 00:31:00,Belfort,Rugpijn
2022-07-20 00:22:00,Belfort,Syncope/flauwte
2022-07-20 00:49:00,Belfort,Syncope/flauwte
2022-07-20 00:49:00,Belfort,Huidwonde
2022-07-20 00:57:00,Belfort,Snijwonde
2022-07-20 01:02:00,Belfort,Blaren
2022-07-20 01:06:00,Belfort,Diabetes
2022-07-20 01:12:00,Belfort,Allergie
2022-07-20 01:18:00,Belfort,Blaren
2022-07-20 01:20:00,Belfort,Alcohol intoxicatie
2022-07-20 01:30:00,Belfort,Huidwonde
2022-07-20 01:39:00,Belfort,Intoxicatie
2022-07-20 01:55:00,Belfort,Andere
2022-07-20 02:00:00,Belfort,Alcohol intoxicatie
2022-07-20 02:10:00,Belfort,Intoxicatie
2022-07-20 02:12:00,Belfort,Neusbloeding
2022-07-20 02:18:00,Belfort,Syncope/flauwte
2022-07-20 02:23:00,Belfort,Andere
2022-07-20 02:25:00,Belfort,Huidwonde
2022-07-20 02:26:00,Belfort,Breuk/kneuzing
2022-07-20 02:30:00,Belfort,Verstuiking enkel
2022-07-20 02:55:00,Belfort,Maag/darm
2022-07-20 02:56:00,Belfort,Breuk/kneuzing
2022-07-20 02:19:00,Belfort,Drugs intoxicatie
2022-07-20 03:00:00,Belfort,Huidwonde
2022-07-20 02:46:00,Belfort,Andere
2022-07-20 01:44:00,Belfort,Intoxicatie
2022-07-20 04:37:00,Belfort,Breuk/kneuzing
2022-07-20 04:29:00,Belfort,Verstuiking enkel
2022-07-20 04:33:00,Belfort,Alcohol intoxicatie
2022-07-20 05:15:00,Belfort,Tandpijn
2022-07-20 05:41:00,Belfort,Breuk/kneuzing
2022-07-20 14:00:00,Belfort,Huidwonde
2022-07-20 15:33:00,Belfort,Insectenbeet
2022-07-20 16:03:00,Belfort,Syncope/flauwte
2022-07-20 16:02:00,Belfort,Blaren
2022-07-20 16:30:00,Belfort,Huidwonde
2022-07-20 16:46:00,Belfort,Insectenbeet
2022-07-20 16:55:00,Belfort,Andere
2022-07-20 17:08:00,Belfort,Brandwonde
2022-07-20 17:41:00,Belfort,Snijwonde
2022-07-20 17:10:00,Belfort,Huidwonde
2022-07-20 17:45:00,Belfort,Blaren
2022-07-20 18:17:00,Belfort,Schaafwonde
2022-07-20 18:23:00,Belfort,Insectenbeet
2022-07-20 18:53:00,Belfort,Blaren
2022-07-20 18:57:00,Belfort,Huidwonde
2022-07-20 18:58:00,Belfort,Huidwonde
2022-07-20 19:01:00,Belfort,Huidwonde
2022-07-20 19:21:00,Belfort,Breuk/kneuzing
2022-07-20 19:23:00,Belfort,Insectenbeet
2022-07-20 19:27:00,Belfort,Syncope/flauwte
2022-07-20 19:58:00,Belfort,Huidwonde
2022-07-20 20:10:00,Belfort,Blaren
2022-07-20 20:25:00,Belfort,Breuk/kneuzing
2022-07-20 20:29:00,Belfort,Huidwonde
2022-07-20 20:43:00,Belfort,Andere
2022-07-20 20:53:00,Belfort,Huidwonde
2022-07-20 20:57:00,Belfort,Oogletsel
2022-07-20 21:10:00,Belfort,Huidwonde
2022-07-20 21:19:00,Belfort,Blaren
2022-07-20 21:34:00,Belfort,Huidwonde
2022-07-20 21:15:00,Belfort,Schaafwonde
2022-07-20 21:56:00,Belfort,Verstuiking enkel
2022-07-20 22:34:00,Belfort,Andere
2022-07-20 22:00:00,Belfort,Andere
2022-07-20 22:20:00,Belfort,Huidwonde
2022-07-20 22:30:00,Belfort,Huidwonde
2022-07-20 21:02:00,Belfort,Andere
2022-07-20 21:34:00,Belfort,Hyperventilatie
2022-07-20 22:55:00,Belfort,Syncope/flauwte
2022-07-20 22:49:00,Belfort,Schaafwonde
2022-07-20 22:50:00,Belfort,Huidwonde
2022-07-20 22:59:00,Belfort,Huidwonde
2022-07-20 23:04:00,Belfort,Insectenbeet
2022-07-20 21:20:00,Belfort,Huidwonde
2022-07-20 22:54:00,Belfort,Huidwonde
2022-07-20 23:01:00,Belfort,Snijwonde
2022-07-20 23:23:00,Belfort,Intoxicatie
2022-07-20 23:30:00,Belfort,Breuk/kneuzing
2022-07-20 23:33:00,Belfort,Huidwonde
2022-07-20 23:40:00,Belfort,Blaren
2022-07-20 23:38:00,Belfort,Hoofdpijn
2022-07-20 23:30:00,Belfort,Huidwonde
2022-07-20 23:51:00,Belfort,Snijwonde
2022-07-20 23:54:00,Belfort,Andere
2022-07-20 23:54:00,Belfort,Neusbloeding
2022-07-21 00:04:00,Belfort,Breuk/kneuzing
2022-07-21 00:20:00,Belfort,Blaren
2022-07-21 00:40:00,Belfort,Drugs intoxicatie
2022-07-21 00:44:00,Belfort,Breuk/kneuzing
2022-07-21 00:45:00,Belfort,Schaafwonde
2022-07-21 00:51:00,Belfort,Andere
2022-07-21 00:53:00,Belfort,Intoxicatie
2022-07-21 00:55:00,Belfort,Ademhaling
2022-07-21 00:56:00,Belfort,Alcohol intoxicatie
2022-07-21 01:15:00,Belfort,Intoxicatie
2022-07-21 01:18:00,Belfort,Huidwonde
2022-07-21 01:00:00,Belfort,Drugs intoxicatie
2022-07-21 01:26:00,Belfort,Rugpijn
2022-07-21 01:22:00,Belfort,Menstruatie
2022-07-21 01:28:00,Belfort,Breuk/kneuzing
2022-07-21 01:27:00,Belfort,Huidwonde
2022-07-21 01:29:00,Belfort,Insectenbeet
2022-07-21 01:41:00,Belfort,Breuk/kneuzing
2022-07-21 01:47:00,Belfort,Neusbloeding
2022-07-21 01:51:00,Belfort,Breuk/kneuzing
2022-07-21 01:58:00,Belfort,Brandwonde
2022-07-21 01:58:00,Belfort,Huidwonde
2022-07-21 02:00:00,Belfort,Syncope/flauwte
2022-07-21 02:10:00,Belfort,Alcohol intoxicatie
2022-07-21 02:14:00,Belfort,Breuk/kneuzing
2022-07-21 02:18:00,Belfort,Andere
2022-07-21 02:18:00,Belfort,Schaafwonde
2022-07-21 02:21:00,Belfort,Snijwonde
2022-07-21 02:24:00,Belfort,Blaren
2022-07-21 02:32:00,Belfort,Breuk/kneuzing
2022-07-21 02:41:00,Belfort,Andere
2022-07-21 02:40:00,Belfort,Brandwonde
2022-07-21 02:50:00,Belfort,Maag/darm
2022-07-21 02:53:00,Belfort,Schaafwonde
2022-07-21 02:53:00,Belfort,Alcohol intoxicatie
2022-07-21 03:06:00,Belfort,Verstuiking enkel
2022-07-21 03:10:00,Belfort,Huidwonde
2022-07-21 03:05:00,Belfort,Brandwonde
2022-07-21 03:13:00,Belfort,Spierpijn
2022-07-21 03:15:00,Belfort,Breuk/kneuzing
2022-07-21 03:20:00,Belfort,Intoxicatie
2022-07-21 03:24:00,Belfort,Andere
2022-07-21 03:30:00,Belfort,Alcohol intoxicatie
2022-07-21 03:39:00,Belfort,Brandwonde
2022-07-21 03:40:00,Belfort,Snijwonde
2022-07-21 03:00:00,Belfort,Snijwonde
2022-07-21 03:45:00,Belfort,Huidwonde
2022-07-21 03:55:00,Belfort,Intoxicatie
2022-07-21 04:01:00,Belfort,Breuk/kneuzing
2022-07-21 04:14:00,Belfort,Verstuiking enkel
2022-07-21 04:15:00,Belfort,Huidwonde
2022-07-21 04:27:00,Belfort,Andere
2022-07-21 04:38:00,Belfort,Huidwonde
2022-07-21 04:45:00,Belfort,Andere
2022-07-21 05:06:00,Belfort,Hoofdpijn
2022-07-21 05:40:00,Belfort,Blaren
2022-07-21 05:40:00,Belfort,Andere
2022-07-21 05:45:00,Belfort,Drugs intoxicatie
2022-07-21 14:12:00,Belfort,Blaren
2022-07-21 14:18:00,Belfort,Huidwonde
2022-07-21 14:40:00,Belfort,Insectenbeet
2022-07-21 14:41:00,Belfort,Blaren
2022-07-21 14:42:00,Belfort,Andere
2022-07-21 15:01:00,Belfort,Schaafwonde
2022-07-21 15:27:00,Belfort,Schaafwonde
2022-07-21 15:29:00,Belfort,Insectenbeet
2022-07-21 15:20:00,Belfort,Syncope/flauwte
2022-07-21 16:10:00,Belfort,Andere
2022-07-21 16:20:00,Belfort,Snijwonde
2022-07-21 16:21:00,Belfort,Ademhaling
2022-07-21 16:31:00,Belfort,Blaren
2022-07-21 16:39:00,Belfort,Insectenbeet
2022-07-21 16:39:00,Belfort,Andere
2022-07-21 16:44:00,Belfort,Huidwonde
2022-07-21 16:55:00,Belfort,Snijwonde
2022-07-21 16:08:00,Belfort,Syncope/flauwte
2022-07-21 17:04:00,Belfort,Huidwonde
2022-07-21 17:05:00,Belfort,Blaren
2022-07-21 17:11:00,Belfort,Insectenbeet
2022-07-21 17:18:00,Belfort,Insectenbeet
2022-07-21 17:20:00,Belfort,Blaren
2022-07-21 17:23:00,Belfort,Blaren
2022-07-21 18:01:00,Belfort,Schaafwonde
2022-07-21 18:07:00,Belfort,Blaren
2022-07-21 18:09:00,Belfort,Insectenbeet
2022-07-21 18:13:00,Belfort,Snijwonde
2022-07-21 18:38:00,Belfort,Alcohol intoxicatie
2022-07-21 18:43:00,Belfort,Breuk/kneuzing
2022-07-21 18:43:00,Belfort,Blaren
2022-07-21 18:50:00,Belfort,Huidwonde
2022-07-21 19:10:00,Belfort,Maag/darm
2022-07-21 19:15:00,Belfort,Huidwonde
2022-07-21 19:19:00,Belfort,Blaren
2022-07-21 19:05:00,Belfort,Alcohol intoxicatie
2022-07-21 19:33:00,Belfort,Verstuiking enkel
2022-07-21 19:39:00,Belfort,Huidwonde
2022-07-21 19:40:00,Belfort,Blaren
2022-07-21 19:29:00,Belfort,Syncope/flauwte
2022-07-21 19:44:00,Belfort,Syncope/flauwte
2022-07-21 20:00:00,Belfort,Hoofdpijn
2022-07-21 20:01:00,Belfort,Andere
2022-07-21 20:04:00,Belfort,Huidwonde
2022-07-21 20:08:00,Belfort,Oogletsel
2022-07-21 20:09:00,Belfort,Insectenbeet
2022-07-21 20:12:00,Belfort,Insectenbeet
2022-07-21 20:22:00,Belfort,Blaren
2022-07-21 20:23:00,Belfort,Snijwonde
2022-07-21 20:14:00,Belfort,Syncope/flauwte
2022-07-21 20:34:00,Belfort,Schaafwonde
2022-07-21 20:51:00,Belfort,Andere
2022-07-21 20:50:00,Belfort,Schaafwonde
2022-07-21 20:58:00,Belfort,Insectenbeet
2022-07-21 20:57:00,Belfort,Snijwonde
2022-07-21 20:59:00,Belfort,Insectenbeet
2022-07-21 21:12:00,Belfort,Andere
2022-07-21 21:15:00,Belfort,Andere
2022-07-21 21:05:00,Belfort,Breuk/kneuzing
2022-07-21 21:37:00,Belfort,Rugpijn
2022-07-21 21:55:00,Belfort,Insectenbeet
2022-07-21 22:15:00,Belfort,Snijwonde
2022-07-21 22:49:00,Belfort,Snijwonde
2022-07-21 22:55:00,Belfort,Schaafwonde
2022-07-21 22:58:00,Belfort,Diabetes
2022-07-21 22:20:00,Belfort,Intoxicatie
2022-07-21 23:12:00,Belfort,Snijwonde
2022-07-21 23:29:00,Belfort,Huidwonde
2022-07-21 23:53:00,Belfort,Snijwonde
2022-07-21 23:56:00,Belfort,Hoofdpijn
2022-07-22 00:04:00,Belfort,Schaafwonde
2022-07-22 00:09:00,Belfort,Hyperventilatie
2022-07-22 00:09:00,Belfort,Oogletsel
2022-07-22 00:10:00,Belfort,Alcohol intoxicatie
2022-07-22 00:11:00,Belfort,Drugs intoxicatie
2022-07-22 00:16:00,Belfort,Andere
2022-07-22 00:24:00,Belfort,Oogletsel
2022-07-22 00:26:00,Belfort,Brandwonde
2022-07-22 00:32:00,Belfort,Hoofdpijn
2022-07-22 00:38:00,Belfort,Oogletsel
2022-07-22 00:38:00,Belfort,Huidwonde
2022-07-22 00:17:00,Belfort,Drugs intoxicatie
2022-07-22 00:54:00,Belfort,Andere
2022-07-22 01:15:00,Belfort,Alcohol intoxicatie
2022-07-22 01:17:00,Belfort,Snijwonde
2022-07-22 01:28:00,Belfort,Huidwonde
2022-07-22 01:32:00,Belfort,Andere
2022-07-22 01:39:00,Belfort,Huidwonde
2022-07-22 01:42:00,Belfort,Schaafwonde
2022-07-22 01:55:00,Belfort,Hyperventilatie
2022-07-22 02:07:00,Belfort,Hoofdpijn
2022-07-22 02:10:00,Belfort,Alcohol intoxicatie
2022-07-22 02:13:00,Belfort,Huidwonde
2022-07-22 02:18:00,Belfort,Andere
2022-07-22 02:25:00,Belfort,Alcohol intoxicatie
2022-07-22 02:25:00,Belfort,Hoofdpijn
2022-07-22 02:25:00,Belfort,Alcohol intoxicatie
2022-07-22 02:15:00,Belfort,Alcohol intoxicatie
2022-07-22 02:46:00,Belfort,Alcohol intoxicatie
2022-07-22 02:55:00,Belfort,Andere
2022-07-22 03:04:00,Belfort,Andere
2022-07-22 03:00:00,Belfort,Schaafwonde
2022-07-22 03:20:00,Belfort,Hoofdpijn
2022-07-22 03:32:00,Belfort,Rugpijn
2022-07-22 03:45:00,Belfort,Keelpijn
2022-07-22 04:26:00,Belfort,Snijwonde
2022-07-22 04:36:00,Belfort,Allergie
2022-07-22 04:40:00,Belfort,Alcohol intoxicatie
2022-07-22 04:40:00,Belfort,Snijwonde
2022-07-22 04:54:00,Belfort,Breuk/kneuzing
2022-07-22 05:20:00,Belfort,Breuk/kneuzing
2022-07-22 05:30:00,Belfort,Schaafwonde
2022-07-22 13:34:00,Belfort,Hoofdpijn
2022-07-22 13:51:00,Belfort,Intoxicatie
2022-07-22 14:25:00,Belfort,Schaafwonde
2022-07-22 14:48:00,Belfort,Eigen medicatie
2022-07-22 15:01:00,Belfort,Snijwonde
2022-07-22 14:17:00,Belfort,Alcohol intoxicatie
2022-07-22 15:16:00,Belfort,Verstuiking enkel
2022-07-22 15:33:00,Belfort,Schaafwonde
2022-07-22 15:40:00,Belfort,Insectenbeet
2022-07-22 15:52:00,Belfort,Blaren
2022-07-22 15:52:00,Belfort,Huidwonde
2022-07-22 16:18:00,Belfort,Schaafwonde
2022-07-22 16:25:00,Belfort,Huidwonde
2022-07-22 16:36:00,Belfort,Andere
2022-07-22 17:14:00,Belfort,Breuk/kneuzing
2022-07-22 17:15:00,Belfort,Insectenbeet
2022-07-22 17:30:00,Belfort,Hoofdpijn
2022-07-22 17:32:00,Belfort,Verstuiking enkel
2022-07-22 17:07:00,Belfort,Alcohol intoxicatie
2022-07-22 17:46:00,Belfort,Insectenbeet
2022-07-22 17:52:00,Belfort,Breuk/kneuzing
2022-07-22 17:56:00,Belfort,Huidwonde
2022-07-22 18:04:00,Belfort,Schaafwonde
2022-07-22 18:24:00,Belfort,Snijwonde
2022-07-22 18:36:00,Belfort,Hoofdpijn
2022-07-22 18:42:00,Belfort,Breuk/kneuzing
2022-07-22 16:21:00,Belfort,Tandpijn
2022-07-22 19:00:00,Belfort,Huidwonde
2022-07-22 19:10:00,Belfort,Snijwonde
2022-07-22 19:15:00,Belfort,Insectenbeet
2022-07-22 19:00:00,Belfort,Hyperventilatie
2022-07-22 19:16:00,Belfort,Oogletsel
2022-07-22 19:38:00,Belfort,Brandwonde
2022-07-22 19:48:00,Belfort,Huidwonde
2022-07-22 19:19:00,Belfort,Blaren
2022-07-22 20:25:00,Belfort,Huidwonde
2022-07-22 20:42:00,Belfort,Huidwonde
2022-07-22 20:44:00,Belfort,Oogletsel
2022-07-22 20:44:00,Belfort,Verstuiking enkel
2022-07-22 20:57:00,Belfort,Huidwonde
2022-07-22 21:08:00,Belfort,Intoxicatie
2022-07-22 21:12:00,Belfort,Blaren
2022-07-22 21:27:00,Belfort,Syncope/flauwte
2022-07-22 21:14:00,Belfort,Breuk/kneuzing
2022-07-22 21:33:00,Belfort,Breuk/kneuzing
2022-07-22 22:01:00,Belfort,Allergie
2022-07-22 21:45:00,Belfort,Huidwonde
2022-07-22 21:55:00,Belfort,Blaren
2022-07-22 22:15:00,Belfort,Huidwonde
2022-07-22 22:16:00,Belfort,Alcohol intoxicatie
2022-07-22 22:15:00,Belfort,Breuk/kneuzing
2022-07-22 22:23:00,Belfort,Huidwonde
2022-07-22 22:42:00,Belfort,Breuk/kneuzing
2022-07-22 23:04:00,Belfort,Tandpijn
2022-07-22 23:07:00,Belfort,Blaren
2022-07-22 23:14:00,Belfort,Hoofdpijn
2022-07-22 23:26:00,Belfort,Andere
2022-07-22 23:30:00,Belfort,Blaren
2022-07-22 23:30:00,Belfort,Alcohol intoxicatie
2022-07-22 23:33:00,Belfort,Insectenbeet
2022-07-22 23:35:00,Belfort,Brandwonde
2022-07-22 23:34:00,Belfort,Andere
2022-07-22 23:40:00,Belfort,Brandwonde
2022-07-22 23:54:00,Belfort,Breuk/kneuzing
2022-07-22 23:52:00,Belfort,Huidwonde
2022-07-22 23:44:00,Belfort,Alcohol intoxicatie
2022-07-22 23:50:00,Belfort,Alcohol intoxicatie
2022-07-23 00:03:00,Belfort,Ademhaling
2022-07-23 00:05:00,Belfort,Huidwonde
2022-07-23 00:05:00,Belfort,Menstruatie
2022-07-23 00:40:00,Belfort,Alcohol intoxicatie
2022-07-23 00:15:00,Belfort,Breuk/kneuzing
2022-07-23 00:40:00,Belfort,Alcohol intoxicatie
2022-07-23 00:45:00,Belfort,Snijwonde
2022-07-23 00:50:00,Belfort,Alcohol intoxicatie
2022-07-23 01:00:00,Belfort,Schaafwonde
2022-07-23 01:20:00,Belfort,Alcohol intoxicatie
2022-07-23 01:33:00,Belfort,Schaafwonde
2022-07-23 01:38:00,Belfort,Syncope/flauwte
2022-07-23 01:44:00,Belfort,Schaafwonde
2022-07-23 01:55:00,Belfort,Syncope/flauwte
2022-07-23 01:57:00,Belfort,Ademhaling
2022-07-23 02:02:00,Belfort,Alcohol intoxicatie
2022-07-23 02:11:00,Belfort,Syncope/flauwte
2022-07-23 02:28:00,Belfort,Alcohol intoxicatie
2022-07-23 02:33:00,Belfort,Snijwonde
2022-07-23 02:30:00,Belfort,Alcohol intoxicatie
2022-07-23 02:40:00,Belfort,Intoxicatie
2022-07-23 02:55:00,Belfort,Keelpijn
2022-07-23 02:50:00,Belfort,Ademhaling
2022-07-23 02:55:00,Belfort,Schaafwonde
2022-07-23 03:20:00,Belfort,Huidwonde
2022-07-23 03:21:00,Belfort,Hyperventilatie
2022-07-23 03:45:00,Belfort,Schaafwonde
2022-07-23 03:50:00,Belfort,Snijwonde
2022-07-23 04:30:00,Belfort,Schaafwonde
2022-07-23 04:48:00,Belfort,Andere
2022-07-23 05:40:00,Belfort,Verstuiking enkel
2022-07-23 05:30:00,Belfort,Alcohol intoxicatie
2022-07-23 06:23:00,Belfort,Huidwonde
2022-07-23 13:12:00,Belfort,Huidwonde
2022-07-23 13:44:00,Belfort,Huidwonde
2022-07-23 14:02:00,Belfort,Schaafwonde
2022-07-23 14:12:00,Belfort,Blaren
2022-07-23 14:17:00,Belfort,Insectenbeet
2022-07-23 15:12:00,Belfort,Blaren
2022-07-23 15:18:00,Belfort,Insectenbeet
2022-07-23 15:28:00,Belfort,Blaren
2022-07-23 15:37:00,Belfort,Verstuiking enkel
2022-07-23 15:37:00,Belfort,Hoofdpijn
2022-07-23 15:45:00,Belfort,Insectenbeet
2022-07-23 15:53:00,Belfort,Schaafwonde
2022-07-23 15:57:00,Belfort,Schaafwonde
2022-07-23 16:20:00,Belfort,Blaren
2022-07-23 16:27:00,Belfort,Snijwonde
2022-07-23 16:01:00,Belfort,Alcohol intoxicatie
2022-07-23 16:42:00,Belfort,Huidwonde
2022-07-23 16:47:00,Belfort,Insectenbeet
2022-07-23 16:56:00,Belfort,Insectenbeet
2022-07-23 17:01:00,Belfort,Snijwonde
2022-07-23 17:00:00,Belfort,Huidwonde
2022-07-23 17:17:00,Belfort,Huidwonde
2022-07-23 17:32:00,Belfort,Insectenbeet
2022-07-23 17:45:00,Belfort,Huidwonde
2022-07-23 18:06:00,Belfort,Huidwonde
2022-07-23 18:06:00,Belfort,Huidwonde
2022-07-23 18:09:00,Belfort,Huidwonde
2022-07-23 18:06:00,Belfort,Syncope/flauwte
2022-07-23 18:10:00,Belfort,Huidwonde
2022-07-23 18:25:00,Belfort,Insectenbeet
2022-07-23 18:29:00,Belfort,Insectenbeet
2022-07-23 18:41:00,Belfort,Spierpijn
2022-07-23 18:45:00,Belfort,Brandwonde
2022-07-23 18:48:00,Belfort,Snijwonde
2022-07-23 18:55:00,Belfort,Insectenbeet
2022-07-23 18:57:00,Belfort,Blaren
2022-07-23 18:50:00,Belfort,Syncope/flauwte
2022-07-23 19:01:00,Belfort,Huidwonde
2022-07-23 19:03:00,Belfort,Insectenbeet
2022-07-23 19:06:00,Belfort,Huidwonde
2022-07-23 19:12:00,Belfort,Schaafwonde
2022-07-23 19:17:00,Belfort,Blaren
2022-07-23 19:22:00,Belfort,Insectenbeet
2022-07-23 19:26:00,Belfort,Insectenbeet
2022-07-23 19:26:00,Belfort,Blaren
2022-07-23 19:32:00,Belfort,Insectenbeet
2022-07-23 19:35:00,Belfort,Huidwonde
2022-07-23 19:34:00,Belfort,Alcohol intoxicatie
2022-07-23 19:39:00,Belfort,Insectenbeet
2022-07-23 19:41:00,Belfort,Blaren
2022-07-23 19:42:00,Belfort,Verstuiking enkel
2022-07-23 19:43:00,Belfort,Hoofdpijn
2022-07-23 19:17:00,Belfort,Intoxicatie
2022-07-23 19:48:00,Belfort,Oogletsel
2022-07-23 19:49:00,Belfort,Insectenbeet
2022-07-23 19:50:00,Belfort,Blaren
2022-07-23 19:51:00,Belfort,Blaren
2022-07-23 19:54:00,Belfort,Blaren
2022-07-23 20:03:00,Belfort,Blaren
2022-07-23 20:04:00,Belfort,Maag/darm
2022-07-23 20:09:00,Belfort,Blaren
2022-07-23 20:10:00,Belfort,Huidwonde
2022-07-23 20:11:00,Belfort,Schaafwonde
2022-07-23 20:17:00,Belfort,Hoofdpijn
2022-07-23 19:38:00,Belfort,Andere
2022-07-23 20:20:00,Belfort,Blaren
2022-07-23 20:20:00,Belfort,Blaren
2022-07-23 20:22:00,Belfort,Insectenbeet
2022-07-23 20:23:00,Belfort,Insectenbeet
2022-07-23 20:20:00,Belfort,Brandwonde
2022-07-23 20:27:00,Belfort,Insectenbeet
2022-07-23 20:40:00,Belfort,Blaren
2022-07-23 20:42:00,Belfort,Breuk/kneuzing
2022-07-23 20:47:00,Belfort,Andere
2022-07-23 20:47:00,Belfort,Blaren
2022-07-23 20:49:00,Belfort,Huidwonde
2022-07-23 20:50:00,Belfort,Andere
2022-07-23 20:30:00,Belfort,Insectenbeet
2022-07-23 20:58:00,Belfort,Insectenbeet
2022-07-23 20:58:00,Belfort,Syncope/flauwte
2022-07-23 21:11:00,Belfort,Insectenbeet
2022-07-23 21:12:00,Belfort,Huidwonde
2022-07-23 21:20:00,Belfort,Andere
2022-07-23 21:23:00,Belfort,Blaren
2022-07-23 21:25:00,Belfort,Insectenbeet
2022-07-23 21:28:00,Belfort,Snijwonde
2022-07-23 21:44:00,Belfort,Rugpijn
2022-07-23 21:47:00,Belfort,Insectenbeet
2022-07-23 22:07:00,Belfort,Huidwonde
2022-07-23 22:02:00,Belfort,Huidwonde
2022-07-23 22:18:00,Belfort,Blaren
2022-07-23 22:20:00,Belfort,Blaren
2022-07-23 22:24:00,Belfort,Keelpijn
2022-07-23 22:02:00,Belfort,Blaren
2022-07-23 22:28:00,Belfort,Huidwonde
2022-07-23 22:05:00,Belfort,Syncope/flauwte
2022-07-23 22:30:00,Belfort,Hoofdpijn
2022-07-23 22:36:00,Belfort,Blaren
2022-07-23 22:37:00,Belfort,Huidwonde
2022-07-23 22:42:00,Belfort,Huidwonde
2022-07-23 22:45:00,Belfort,Insectenbeet
2022-07-23 22:51:00,Belfort,Snijwonde
2022-07-23 22:53:00,Belfort,Hyperventilatie
2022-07-23 22:45:00,Belfort,Hyperventilatie
2022-07-23 22:50:00,Belfort,Insectenbeet
2022-07-23 22:56:00,Belfort,Syncope/flauwte
2022-07-23 22:58:00,Belfort,Huidwonde
2022-07-23 22:59:00,Belfort,Andere
2022-07-23 23:15:00,Belfort,Syncope/flauwte
2022-07-23 23:00:00,Belfort,Intoxicatie
2022-07-23 23:23:00,Belfort,Schaafwonde
2022-07-23 23:24:00,Belfort,Alcohol intoxicatie
2022-07-23 23:25:00,Belfort,Rugpijn
2022-07-23 23:05:00,Belfort,Syncope/flauwte
2022-07-23 23:34:00,Belfort,Hooikoorts
2022-07-23 23:20:00,Belfort,Snijwonde
2022-07-23 23:38:00,Belfort,Neusbloeding
2022-07-23 23:44:00,Belfort,Hartklachten
2022-07-23 23:48:00,Belfort,Schaafwonde
2022-07-23 23:48:00,Belfort,Snijwonde
2022-07-23 23:38:00,Belfort,Intoxicatie
2022-07-23 23:52:00,Belfort,Andere
2022-07-23 23:55:00,Belfort,Verstuiking enkel
2022-07-24 00:00:00,Belfort,Huidwonde
2022-07-24 00:12:00,Belfort,Andere
2022-07-24 00:14:00,Belfort,Hoofdpijn
2022-07-24 00:12:00,Belfort,Andere
2022-07-24 00:21:00,Belfort,Syncope/flauwte
2022-07-24 00:25:00,Belfort,Intoxicatie
2022-07-24 00:25:00,Belfort,Snijwonde
2022-07-24 00:26:00,Belfort,Schaafwonde
2022-07-24 00:35:00,Belfort,Schaafwonde
2022-07-24 00:47:00,Belfort,Breuk/kneuzing
2022-07-24 00:55:00,Belfort,Alcohol intoxicatie
2022-07-24 00:56:00,Belfort,Syncope/flauwte
2022-07-24 00:58:00,Belfort,Hartklachten
2022-07-24 01:04:00,Belfort,Andere
2022-07-24 01:08:00,Belfort,Schaafwonde
2022-07-24 01:14:00,Belfort,Snijwonde
2022-07-24 01:29:00,Belfort,Huidwonde
2022-07-24 01:30:00,Belfort,Snijwonde
2022-07-24 01:33:00,Belfort,Huidwonde
2022-07-24 01:37:00,Belfort,Blaren
2022-07-24 01:41:00,Belfort,Syncope/flauwte
2022-07-24 01:50:00,Belfort,Schaafwonde
2022-07-24 01:58:00,Belfort,Breuk/kneuzing
2022-07-24 02:00:00,Belfort,Verstuiking enkel
2022-07-24 02:04:00,Belfort,Diabetes
2022-07-24 02:08:00,Belfort,Breuk/kneuzing
2022-07-24 02:10:00,Belfort,Maag/darm
2022-07-24 02:20:00,Belfort,Snijwonde
2022-07-24 02:26:00,Belfort,Snijwonde
2022-07-24 02:26:00,Belfort,Huidwonde
2022-07-24 02:30:00,Belfort,Hoofdpijn
2022-07-24 02:38:00,Belfort,Andere
2022-07-24 02:37:00,Belfort,Andere
2022-07-24 02:44:00,Belfort,Hyperventilatie
2022-07-24 02:46:00,Belfort,Schaafwonde
2022-07-24 02:50:00,Belfort,Huidwonde
2022-07-24 03:10:00,Belfort,Hoofdpijn
2022-07-24 03:15:00,Belfort,Andere
2022-07-24 03:16:00,Belfort,Breuk/kneuzing
2022-07-24 03:21:00,Belfort,Alcohol intoxicatie
2022-07-24 03:31:00,Belfort,Blaren
2022-07-24 03:37:00,Belfort,Andere
2022-07-24 03:38:00,Belfort,Huidwonde
2022-07-24 03:50:00,Belfort,Schaafwonde
2022-07-24 03:53:00,Belfort,Breuk/kneuzing
2022-07-24 03:54:00,Belfort,Hyperventilatie
2022-07-24 03:55:00,Belfort,Schaafwonde
2022-07-24 04:12:00,Belfort,Huidwonde
2022-07-24 04:19:00,Belfort,Andere
2022-07-24 04:19:00,Belfort,Breuk/kneuzing
2022-07-24 04:24:00,Belfort,Snijwonde
2022-07-24 04:28:00,Belfort,Snijwonde
2022-07-24 04:49:00,Belfort,Maag/darm
2022-07-24 04:56:00,Belfort,Brandwonde
2022-07-24 04:57:00,Belfort,Breuk/kneuzing
2022-07-24 05:04:00,Belfort,Oogletsel
2022-07-24 05:07:00,Belfort,Andere
2022-07-24 05:13:00,Belfort,Tandpijn
2022-07-24 05:00:00,Belfort,Epilepsie
2022-07-24 05:36:00,Belfort,Snijwonde
2022-07-24 06:03:00,Belfort,Snijwonde
2022-07-24 13:49:00,Belfort,Huidwonde
2022-07-24 13:56:00,Belfort,Andere
2022-07-24 14:02:00,Belfort,Schaafwonde
2022-07-24 14:04:00,Belfort,Huidwonde
2022-07-24 14:08:00,Belfort,Huidwonde
2022-07-24 14:21:00,Belfort,Blaren
2022-07-24 14:25:00,Belfort,Insectenbeet
2022-07-24 14:45:00,Belfort,Blaren
2022-07-24 14:35:00,Belfort,Syncope/flauwte
2022-07-24 14:55:00,Belfort,Hoofdpijn
2022-07-24 15:16:00,Belfort,Blaren
2022-07-24 15:19:00,Belfort,Blaren
2022-07-24 15:33:00,Belfort,Insectenbeet
2022-07-24 15:38:00,Belfort,Huidwonde
2022-07-24 15:35:00,Belfort,Huidwonde
2022-07-24 15:56:00,Belfort,Schaafwonde
2022-07-24 16:11:00,Belfort,Blaren
2022-07-24 16:11:00,Belfort,Schaafwonde
2022-07-24 16:10:00,Belfort,Schaafwonde
2022-07-24 16:27:00,Belfort,Insectenbeet
2022-07-24 16:44:00,Belfort,Schaafwonde
2022-07-24 16:51:00,Belfort,Breuk/kneuzing
2022-07-24 16:54:00,Belfort,Keelpijn
2022-07-24 16:55:00,Belfort,Huidwonde
2022-07-24 16:57:00,Belfort,Blaren
2022-07-24 17:03:00,Belfort,Snijwonde
2022-07-24 17:16:00,Belfort,Andere
2022-07-24 17:19:00,Belfort,Huidwonde
2022-07-24 17:23:00,Belfort,Keelpijn
2022-07-24 17:24:00,Belfort,Huidwonde
2022-07-24 17:25:00,Belfort,Syncope/flauwte
2022-07-24 17:31:00,Belfort,Blaren
2022-07-24 17:45:00,Belfort,Blaren
2022-07-24 17:53:00,Belfort,Schaafwonde
2022-07-24 18:03:00,Belfort,Insectenbeet
2022-07-24 18:07:00,Belfort,Insectenbeet
2022-07-24 18:10:00,Belfort,Huidwonde
2022-07-24 18:20:00,Belfort,Snijwonde
2022-07-24 18:32:00,Belfort,Snijwonde
2022-07-24 18:33:00,Belfort,Snijwonde
2022-07-24 18:38:00,Belfort,Blaren
2022-07-24 18:53:00,Belfort,Insectenbeet
2022-07-24 18:55:00,Belfort,Blaren
2022-07-24 19:06:00,Belfort,Andere
2022-07-24 19:04:00,Belfort,Huidwonde
2022-07-24 19:15:00,Belfort,Andere
2022-07-24 19:15:00,Belfort,Andere
2022-07-24 19:19:00,Belfort,Huidwonde
2022-07-24 19:25:00,Belfort,Insectenbeet
2022-07-24 19:27:00,Belfort,Schaafwonde
2022-07-24 19:31:00,Belfort,Hoofdpijn
2022-07-24 19:02:00,Belfort,Syncope/flauwte
2022-07-24 19:35:00,Belfort,Blaren
2022-07-24 19:37:00,Belfort,Breuk/kneuzing
2022-07-24 19:43:00,Belfort,Insectenbeet
2022-07-24 19:50:00,Belfort,Neusbloeding
2022-07-24 19:50:00,Belfort,Blaren
2022-07-24 19:50:00,Belfort,Schaafwonde
2022-07-24 19:52:00,Belfort,Blaren
2022-07-24 19:56:00,Belfort,Andere
2022-07-24 19:59:00,Belfort,Blaren
2022-07-24 20:05:00,Belfort,Blaren
2022-07-24 20:11:00,Belfort,Insectenbeet
2022-07-24 20:14:00,Belfort,Brandwonde
2022-07-24 20:17:00,Belfort,Insectenbeet
2022-07-24 20:24:00,Belfort,Insectenbeet
2022-07-24 20:27:00,Belfort,Breuk/kneuzing
2022-07-24 20:30:00,Belfort,Schaafwonde
2022-07-24 20:31:00,Belfort,Blaren
2022-07-24 20:33:00,Belfort,Huidwonde
2022-07-24 20:41:00,Belfort,Huidwonde
2022-07-24 20:42:00,Belfort,Blaren
2022-07-24 20:48:00,Belfort,Verstuiking enkel
2022-07-24 20:52:00,Belfort,Blaren
2022-07-24 20:52:00,Belfort,Blaren
2022-07-24 20:54:00,Belfort,Insectenbeet
2022-07-24 20:58:00,Belfort,Insectenbeet
2022-07-24 21:02:00,Belfort,Maag/darm
2022-07-24 21:10:00,Belfort,Snijwonde
2022-07-24 21:13:00,Belfort,Blaren
2022-07-24 21:17:00,Belfort,Insectenbeet
2022-07-24 21:18:00,Belfort,Menstruatie
2022-07-24 21:21:00,Belfort,Schaafwonde
2022-07-24 21:22:00,Belfort,Huidwonde
2022-07-24 21:24:00,Belfort,Hoofdpijn
2022-07-24 21:24:00,Belfort,Brandwonde
2022-07-24 21:26:00,Belfort,Blaren
2022-07-24 21:26:00,Belfort,Snijwonde
2022-07-24 21:30:00,Belfort,Blaren
2022-07-24 21:30:00,Belfort,Huidwonde
2022-07-24 21:32:00,Belfort,Andere
2022-07-24 21:33:00,Belfort,Huidwonde
2022-07-24 21:36:00,Belfort,Huidwonde
2022-07-24 21:41:00,Belfort,Blaren
2022-07-24 21:43:00,Belfort,Schaafwonde
2022-07-24 21:43:00,Belfort,Allergie
2022-07-24 21:45:00,Belfort,Insectenbeet
2022-07-24 21:46:00,Belfort,Breuk/kneuzing
2022-07-24 21:56:00,Belfort,Insectenbeet
2022-07-24 21:30:00,Belfort,Andere
2022-07-24 22:10:00,Belfort,Hoofdpijn
2022-07-24 22:13:00,Belfort,Schaafwonde
2022-07-24 22:20:00,Belfort,Huidwonde
2022-07-24 22:22:00,Belfort,Snijwonde
2022-07-24 22:23:00,Belfort,Huidwonde
2022-07-24 22:44:00,Belfort,Insectenbeet
2022-07-24 22:49:00,Belfort,Snijwonde
2022-07-24 22:50:00,Belfort,Blaren
2022-07-24 22:56:00,Belfort,Schaafwonde
2022-07-24 22:50:00,Belfort,Andere
2022-07-24 22:55:00,Belfort,Intoxicatie
2022-07-24 22:57:00,Belfort,Huidwonde
2022-07-24 23:00:00,Belfort,Neusbloeding
2022-07-24 23:08:00,Belfort,Andere
2022-07-24 23:13:00,Belfort,Maag/darm
2022-07-24 23:15:00,Belfort,Andere
2022-07-24 23:17:00,Belfort,Blaren
2022-07-24 23:12:00,Belfort,Syncope/flauwte
2022-07-24 23:25:00,Belfort,Huidwonde
2022-07-24 23:31:00,Belfort,Blaren
2022-07-24 23:32:00,Belfort,Blaren
2022-07-24 23:39:00,Belfort,Alcohol intoxicatie
2022-07-24 23:45:00,Belfort,Rugpijn
2022-07-24 23:59:00,Belfort,Huidwonde
2022-07-25 00:04:00,Belfort,Syncope/flauwte
2022-07-25 00:13:00,Belfort,Snijwonde
2022-07-25 00:29:00,Belfort,Alcohol intoxicatie
2022-07-25 00:30:00,Belfort,Snijwonde
2022-07-25 00:39:00,Belfort,Intoxicatie
2022-07-25 00:45:00,Belfort,Hyperventilatie
2022-07-25 00:45:00,Belfort,Neusbloeding
2022-07-25 00:55:00,Belfort,Brandwonde
2022-07-25 01:12:00,Belfort,Hoofdpijn
2022-07-25 01:20:00,Belfort,Hoofdpijn
2022-07-25 01:23:00,Belfort,Keelpijn
2022-07-25 01:15:00,Belfort,Huidwonde
2022-07-25 01:34:00,Belfort,Alcohol intoxicatie
2022-07-25 01:38:00,Belfort,Brandwonde
2022-07-25 01:44:00,Belfort,Drugs intoxicatie
2022-07-25 01:49:00,Belfort,Alcohol intoxicatie
2022-07-25 01:46:00,Belfort,Drugs intoxicatie
2022-07-25 01:54:00,Belfort,Breuk/kneuzing
2022-07-25 01:55:00,Belfort,Insectenbeet
2022-07-25 02:00:00,Belfort,Alcohol intoxicatie
2022-07-25 02:16:00,Belfort,Rugpijn
2022-07-25 02:21:00,Belfort,Syncope/flauwte
2022-07-25 02:22:00,Belfort,Intoxicatie
2022-07-25 02:28:00,Belfort,Breuk/kneuzing
2022-07-25 02:34:00,Belfort,Breuk/kneuzing
2022-07-25 02:35:00,Belfort,Intoxicatie
2022-07-25 02:51:00,Belfort,Huidwonde
2022-07-25 02:42:00,Belfort,Alcohol intoxicatie
2022-07-25 02:58:00,Belfort,Breuk/kneuzing
2022-07-25 02:30:00,Belfort,Huidwonde
2022-07-25 03:03:00,Belfort,Breuk/kneuzing
2022-07-25 03:13:00,Belfort,Snijwonde
2022-07-25 03:16:00,Belfort,Alcohol intoxicatie
2022-07-25 03:22:00,Belfort,Alcohol intoxicatie
2022-07-25 03:18:00,Belfort,Alcohol intoxicatie
2022-07-25 03:30:00,Belfort,Breuk/kneuzing
2022-07-25 03:32:00,Belfort,Snijwonde
2022-07-25 03:55:00,Belfort,Huidwonde
2022-07-25 04:10:00,Belfort,Andere
2022-07-25 04:10:00,Belfort,Huidwonde
2022-07-25 04:20:00,Belfort,Snijwonde
2022-07-25 04:34:00,Belfort,Alcohol intoxicatie
2022-07-25 04:38:00,Belfort,Huidwonde
2022-07-25 04:41:00,Belfort,Andere
2022-07-25 04:55:00,Belfort,Breuk/kneuzing
2022-07-25 05:06:00,Belfort,Huidwonde
2022-07-25 05:34:00,Belfort,Huidwonde
2022-07-15 22:00:00,St-Jacobs,Hoofdpijn
2022-07-15 22:00:00,St-Jacobs,Huidwonde
2022-07-15 22:24:00,St-Jacobs,Huidwonde
2022-07-15 23:21:00,St-Jacobs,Andere
2022-07-15 23:43:00,St-Jacobs,Schaafwonde
2022-07-16 00:22:00,St-Jacobs,Insectenbeet
2022-07-16 00:25:00,St-Jacobs,Snijwonde
2022-07-16 00:28:00,St-Jacobs,Breuk/kneuzing
2022-07-16 00:40:00,St-Jacobs,Snijwonde
2022-07-16 01:14:00,St-Jacobs,Keelpijn
2022-07-16 01:41:00,St-Jacobs,Alcohol intoxicatie
2022-07-16 02:22:00,St-Jacobs,Alcohol intoxicatie
2022-07-16 02:18:00,St-Jacobs,Breuk/kneuzing
2022-07-16 03:01:00,St-Jacobs,Hoofdpijn
2022-07-16 03:30:00,St-Jacobs,Intoxicatie
2022-07-16 03:32:00,St-Jacobs,Snijwonde
2022-07-16 03:53:00,St-Jacobs,Hyperventilatie
2022-07-16 04:41:00,St-Jacobs,Keelpijn
2022-07-16 04:46:00,St-Jacobs,Rugpijn
2022-07-16 06:12:00,St-Jacobs,Huidwonde
2022-07-16 06:16:00,St-Jacobs,Huidwonde
2022-07-16 06:35:00,St-Jacobs,Ademhaling
2022-07-16 07:05:00,St-Jacobs,Brandwonde
2022-07-16 07:20:00,St-Jacobs,Snijwonde
2022-07-16 22:31:00,St-Jacobs,Blaren
2022-07-16 22:30:00,St-Jacobs,Huidwonde
2022-07-16 22:40:00,St-Jacobs,Breuk/kneuzing
2022-07-16 23:04:00,St-Jacobs,Syncope/flauwte
2022-07-16 23:30:00,St-Jacobs,Syncope/flauwte
2022-07-16 23:54:00,St-Jacobs,Andere
2022-07-17 00:11:00,St-Jacobs,Hoofdpijn
2022-07-17 00:19:00,St-Jacobs,Allergie
2022-07-17 00:56:00,St-Jacobs,Syncope/flauwte
2022-07-17 00:56:00,St-Jacobs,Snijwonde
2022-07-17 01:38:00,St-Jacobs,Breuk/kneuzing
2022-07-17 01:25:00,St-Jacobs,Hoofdpijn
2022-07-17 01:30:00,St-Jacobs,Blaren
2022-07-17 02:05:00,St-Jacobs,Intoxicatie
2022-07-17 02:12:00,St-Jacobs,Andere
2022-07-17 02:23:00,St-Jacobs,Intoxicatie
2022-07-17 02:37:00,St-Jacobs,Syncope/flauwte
2022-07-17 02:53:00,St-Jacobs,Breuk/kneuzing
2022-07-17 02:58:00,St-Jacobs,Intoxicatie
2022-07-17 03:12:00,St-Jacobs,Breuk/kneuzing
2022-07-17 03:12:00,St-Jacobs,Intoxicatie
2022-07-17 03:09:00,St-Jacobs,Andere
2022-07-17 03:40:00,St-Jacobs,Rugpijn
2022-07-17 03:40:00,St-Jacobs,Drugs intoxicatie
2022-07-17 03:45:00,St-Jacobs,Andere
2022-07-17 03:45:00,St-Jacobs,Hyperventilatie
2022-07-17 03:50:00,St-Jacobs,Eigen medicatie
2022-07-17 04:20:00,St-Jacobs,Drugs intoxicatie
2022-07-17 05:02:00,St-Jacobs,Andere
2022-07-17 05:11:00,St-Jacobs,Snijwonde
2022-07-17 05:10:00,St-Jacobs,Snijwonde
2022-07-17 05:25:00,St-Jacobs,Huidwonde
2022-07-17 07:00:00,St-Jacobs,Rugpijn
2022-07-17 07:45:00,St-Jacobs,Intoxicatie
2022-07-17 08:30:00,St-Jacobs,Insectenbeet
2022-07-17 07:20:00,St-Jacobs,Drugs intoxicatie
2022-07-17 21:40:00,St-Jacobs,Snijwonde
2022-07-17 22:00:00,St-Jacobs,Spierpijn
2022-07-17 22:05:00,St-Jacobs,Breuk/kneuzing
2022-07-17 22:21:00,St-Jacobs,Breuk/kneuzing
2022-07-17 22:35:00,St-Jacobs,Schaafwonde
2022-07-17 23:25:00,St-Jacobs,Breuk/kneuzing
2022-07-17 23:49:00,St-Jacobs,Andere
2022-07-18 00:05:00,St-Jacobs,Schaafwonde
2022-07-18 00:10:00,St-Jacobs,Schaafwonde
2022-07-18 00:10:00,St-Jacobs,Snijwonde
2022-07-18 00:19:00,St-Jacobs,Rugpijn
2022-07-18 00:20:00,St-Jacobs,Andere
2022-07-18 01:12:00,St-Jacobs,Brandwonde
2022-07-18 01:40:00,St-Jacobs,Blaren
2022-07-18 01:56:00,St-Jacobs,Blaren
2022-07-18 01:57:00,St-Jacobs,Drugs intoxicatie
2022-07-18 02:57:00,St-Jacobs,Hoofdpijn
2022-07-18 02:59:00,St-Jacobs,Schaafwonde
2022-07-18 03:10:00,St-Jacobs,Syncope/flauwte
2022-07-18 03:15:00,St-Jacobs,Snijwonde
2022-07-18 03:30:00,St-Jacobs,Breuk/kneuzing
2022-07-18 04:22:00,St-Jacobs,Neusbloeding
2022-07-18 04:30:00,St-Jacobs,Snijwonde
2022-07-18 04:47:00,St-Jacobs,Snijwonde
2022-07-18 05:09:00,St-Jacobs,Huidwonde
2022-07-18 05:10:00,St-Jacobs,Alcohol intoxicatie
2022-07-18 05:29:00,St-Jacobs,Snijwonde
2022-07-18 05:50:00,St-Jacobs,Alcohol intoxicatie
2022-07-18 06:30:00,St-Jacobs,Neusbloeding
2022-07-18 06:55:00,St-Jacobs,Brandwonde
2022-07-18 22:00:00,St-Jacobs,Schaafwonde
2022-07-18 22:02:00,St-Jacobs,Snijwonde
2022-07-18 22:05:00,St-Jacobs,Blaren
2022-07-18 22:11:00,St-Jacobs,Blaren
2022-07-18 22:30:00,St-Jacobs,Blaren
2022-07-18 22:41:00,St-Jacobs,Syncope/flauwte
2022-07-18 23:01:00,St-Jacobs,Huidwonde
2022-07-18 23:07:00,St-Jacobs,Schaafwonde
2022-07-18 23:13:00,St-Jacobs,Breuk/kneuzing
2022-07-18 23:12:00,St-Jacobs,Hoofdpijn
2022-07-18 23:04:00,St-Jacobs,Andere
2022-07-18 23:15:00,St-Jacobs,Huidwonde
2022-07-18 23:19:00,St-Jacobs,Snijwonde
2022-07-18 23:23:00,St-Jacobs,Blaren
2022-07-18 23:39:00,St-Jacobs,Syncope/flauwte
2022-07-19 00:12:00,St-Jacobs,Insectenbeet
2022-07-19 00:29:00,St-Jacobs,Maag/darm
2022-07-19 00:37:00,St-Jacobs,Andere
2022-07-19 00:42:00,St-Jacobs,Huidwonde
2022-07-19 01:07:00,St-Jacobs,Schaafwonde
2022-07-19 01:20:00,St-Jacobs,Huidwonde
2022-07-19 01:28:00,St-Jacobs,Huidwonde
2022-07-19 01:38:00,St-Jacobs,Andere
2022-07-19 01:45:00,St-Jacobs,Intoxicatie
2022-07-19 01:55:00,St-Jacobs,Huidwonde
2022-07-19 02:12:00,St-Jacobs,Brandwonde
2022-07-19 02:10:00,St-Jacobs,Alcohol intoxicatie
2022-07-19 02:15:00,St-Jacobs,Schaafwonde
2022-07-19 02:37:00,St-Jacobs,Huidwonde
2022-07-19 02:40:00,St-Jacobs,Menstruatie
2022-07-19 02:42:00,St-Jacobs,Blaren
2022-07-19 02:55:00,St-Jacobs,Blaren
2022-07-19 03:04:00,St-Jacobs,Intoxicatie
2022-07-19 03:24:00,St-Jacobs,Insectenbeet
2022-07-19 03:09:00,St-Jacobs,Schaafwonde
2022-07-19 03:15:00,St-Jacobs,Snijwonde
2022-07-19 03:26:00,St-Jacobs,Insectenbeet
2022-07-19 04:10:00,St-Jacobs,Breuk/kneuzing
2022-07-19 05:35:00,St-Jacobs,Tandpijn
2022-07-19 05:39:00,St-Jacobs,Insectenbeet
2022-07-19 06:01:00,St-Jacobs,Snijwonde
2022-07-19 06:07:00,St-Jacobs,Breuk/kneuzing
2022-07-19 06:30:00,St-Jacobs,Huidwonde
2022-07-19 07:06:00,St-Jacobs,Rugpijn
2022-07-19 07:18:00,St-Jacobs,Brandwonde
2022-07-19 06:54:00,St-Jacobs,Maag/darm
2022-07-19 06:50:00,St-Jacobs,Insectenbeet
2022-07-19 07:01:00,St-Jacobs,Snijwonde
2022-07-19 07:49:00,St-Jacobs,Huidwonde
2022-07-19 22:10:00,St-Jacobs,Huidwonde
2022-07-19 22:19:00,St-Jacobs,Blaren
2022-07-19 22:41:00,St-Jacobs,Hoofdpijn
2022-07-19 23:18:00,St-Jacobs,Blaren
2022-07-19 23:48:00,St-Jacobs,Rugpijn
2022-07-20 00:06:00,St-Jacobs,Blaren
2022-07-20 00:12:00,St-Jacobs,Tandpijn
2022-07-20 00:18:00,St-Jacobs,Andere
2022-07-20 00:46:00,St-Jacobs,Huidwonde
2022-07-20 01:02:00,St-Jacobs,Schaafwonde
2022-07-20 01:10:00,St-Jacobs,Brandwonde
2022-07-20 01:22:00,St-Jacobs,Huidwonde
2022-07-20 01:55:00,St-Jacobs,Huidwonde
2022-07-20 01:56:00,St-Jacobs,Hoofdpijn
2022-07-20 01:58:00,St-Jacobs,Hoofdpijn
2022-07-20 02:15:00,St-Jacobs,Ademhaling
2022-07-20 02:34:00,St-Jacobs,Alcohol intoxicatie
2022-07-20 02:50:00,St-Jacobs,Drugs intoxicatie
2022-07-20 03:15:00,St-Jacobs,Rugpijn
2022-07-20 03:25:00,St-Jacobs,Snijwonde
2022-07-20 03:42:00,St-Jacobs,Huidwonde
2022-07-20 03:46:00,St-Jacobs,Huidwonde
2022-07-20 03:58:00,St-Jacobs,Blaren
2022-07-20 03:56:00,St-Jacobs,Huidwonde
2022-07-20 04:23:00,St-Jacobs,Andere
2022-07-20 05:05:00,St-Jacobs,Schaafwonde
2022-07-20 05:10:00,St-Jacobs,Maag/darm
2022-07-20 05:17:00,St-Jacobs,Keelpijn
2022-07-20 05:35:00,St-Jacobs,Andere
2022-07-20 05:50:00,St-Jacobs,Allergie
2022-07-20 05:50:00,St-Jacobs,Syncope/flauwte
2022-07-20 06:38:00,St-Jacobs,Huidwonde
2022-07-20 06:43:00,St-Jacobs,Insectenbeet
2022-07-20 07:10:00,St-Jacobs,Snijwonde
2022-07-20 22:06:00,St-Jacobs,Huidwonde
2022-07-20 22:16:00,St-Jacobs,Maag/darm
2022-07-20 22:21:00,St-Jacobs,Maag/darm
2022-07-20 22:00:00,St-Jacobs,Insectenbeet
2022-07-20 23:12:00,St-Jacobs,Blaren
2022-07-20 23:15:00,St-Jacobs,Verstuiking enkel
2022-07-20 23:21:00,St-Jacobs,Huidwonde
2022-07-20 23:23:00,St-Jacobs,Andere
2022-07-20 23:23:00,St-Jacobs,Andere
2022-07-20 23:32:00,St-Jacobs,Breuk/kneuzing
2022-07-20 23:50:00,St-Jacobs,Verstuiking enkel
2022-07-20 23:57:00,St-Jacobs,Verstuiking enkel
2022-07-21 00:13:00,St-Jacobs,Hoofdpijn
2022-07-21 00:36:00,St-Jacobs,Blaren
2022-07-21 00:44:00,St-Jacobs,Breuk/kneuzing
2022-07-21 00:55:00,St-Jacobs,Huidwonde
2022-07-21 01:00:00,St-Jacobs,Insectenbeet
2022-07-21 00:59:00,St-Jacobs,Breuk/kneuzing
2022-07-21 01:03:00,St-Jacobs,Breuk/kneuzing
2022-07-21 01:07:00,St-Jacobs,Schaafwonde
2022-07-21 01:15:00,St-Jacobs,Huidwonde
2022-07-21 01:16:00,St-Jacobs,Snijwonde
2022-07-21 01:21:00,St-Jacobs,Huidwonde
2022-07-21 01:31:00,St-Jacobs,Intoxicatie
2022-07-21 01:40:00,St-Jacobs,Intoxicatie
2022-07-21 01:43:00,St-Jacobs,Andere
2022-07-21 01:44:00,St-Jacobs,Alcohol intoxicatie
2022-07-21 02:59:00,St-Jacobs,Hoofdpijn
2022-07-21 03:07:00,St-Jacobs,Alcohol intoxicatie
2022-07-21 03:04:00,St-Jacobs,Drugs intoxicatie
2022-07-21 03:30:00,St-Jacobs,Hyperventilatie
2022-07-21 03:25:00,St-Jacobs,Alcohol intoxicatie
2022-07-21 03:46:00,St-Jacobs,Huidwonde
2022-07-21 03:20:00,St-Jacobs,Syncope/flauwte
2022-07-21 04:11:00,St-Jacobs,Breuk/kneuzing
2022-07-21 04:12:00,St-Jacobs,Hoofdpijn
2022-07-21 04:38:00,St-Jacobs,Breuk/kneuzing
2022-07-21 04:35:00,St-Jacobs,Alcohol intoxicatie
2022-07-21 04:35:00,St-Jacobs,Alcohol intoxicatie
2022-07-21 04:50:00,St-Jacobs,Syncope/flauwte
2022-07-21 05:16:00,St-Jacobs,Drugs intoxicatie
2022-07-21 05:21:00,St-Jacobs,Schaafwonde
2022-07-21 05:00:00,St-Jacobs,Alcohol intoxicatie
2022-07-21 05:35:00,St-Jacobs,Huidwonde
2022-07-21 05:36:00,St-Jacobs,Verstuiking enkel
2022-07-21 05:35:00,St-Jacobs,Andere
2022-07-21 06:01:00,St-Jacobs,Breuk/kneuzing
2022-07-21 06:55:00,St-Jacobs,Breuk/kneuzing
2022-07-21 22:01:00,St-Jacobs,Blaren
2022-07-21 22:09:00,St-Jacobs,Brandwonde
2022-07-21 23:10:00,St-Jacobs,Huidwonde
2022-07-21 23:18:00,St-Jacobs,Maag/darm
2022-07-21 23:40:00,St-Jacobs,Huidwonde
2022-07-22 00:00:00,St-Jacobs,Verstuiking enkel
2022-07-22 00:05:00,St-Jacobs,Huidwonde
2022-07-22 00:22:00,St-Jacobs,Snijwonde
2022-07-22 00:30:00,St-Jacobs,Verstuiking enkel
2022-07-22 00:51:00,St-Jacobs,Rugpijn
2022-07-22 01:47:00,St-Jacobs,Oogletsel
2022-07-22 02:00:00,St-Jacobs,Neusbloeding
2022-07-22 02:01:00,St-Jacobs,Breuk/kneuzing
2022-07-22 02:10:00,St-Jacobs,Schaafwonde
2022-07-22 02:29:00,St-Jacobs,Andere
2022-07-22 02:40:00,St-Jacobs,Spierpijn
2022-07-22 02:59:00,St-Jacobs,Breuk/kneuzing
2022-07-22 03:10:00,St-Jacobs,Alcohol intoxicatie
2022-07-22 04:16:00,St-Jacobs,Alcohol intoxicatie
2022-07-22 04:40:00,St-Jacobs,Hartklachten
2022-07-22 04:59:00,St-Jacobs,Intoxicatie
2022-07-22 05:10:00,St-Jacobs,Drugs intoxicatie
2022-07-22 05:47:00,St-Jacobs,Breuk/kneuzing
2022-07-22 06:13:00,St-Jacobs,Huidwonde
2022-07-22 07:36:00,St-Jacobs,Breuk/kneuzing
2022-07-22 22:24:00,St-Jacobs,Huidwonde
2022-07-22 22:26:00,St-Jacobs,Huidwonde
2022-07-22 22:27:00,St-Jacobs,Andere
2022-07-22 23:45:00,St-Jacobs,Intoxicatie
2022-07-23 00:05:00,St-Jacobs,Snijwonde
2022-07-23 00:25:00,St-Jacobs,Hoofdpijn
2022-07-23 00:15:00,St-Jacobs,Hoofdpijn
2022-07-23 01:32:00,St-Jacobs,Syncope/flauwte
2022-07-23 01:30:00,St-Jacobs,Alcohol intoxicatie
2022-07-23 01:40:00,St-Jacobs,Huidwonde
2022-07-23 01:45:00,St-Jacobs,Drugs intoxicatie
2022-07-23 01:49:00,St-Jacobs,Huidwonde
2022-07-23 02:18:00,St-Jacobs,Alcohol intoxicatie
2022-07-23 02:15:00,St-Jacobs,Neusbloeding
2022-07-23 02:27:00,St-Jacobs,Alcohol intoxicatie
2022-07-23 02:45:00,St-Jacobs,Drugs intoxicatie
2022-07-23 02:52:00,St-Jacobs,Maag/darm
2022-07-23 02:55:00,St-Jacobs,Intoxicatie
2022-07-23 03:15:00,St-Jacobs,Schaafwonde
2022-07-23 03:39:00,St-Jacobs,Brandwonde
2022-07-23 03:37:00,St-Jacobs,Brandwonde
2022-07-23 03:40:00,St-Jacobs,Hoofdpijn
2022-07-23 03:45:00,St-Jacobs,Schaafwonde
2022-07-23 03:55:00,St-Jacobs,Andere
2022-07-23 04:02:00,St-Jacobs,Syncope/flauwte
2022-07-23 04:16:00,St-Jacobs,Brandwonde
2022-07-23 04:20:00,St-Jacobs,Breuk/kneuzing
2022-07-23 04:58:00,St-Jacobs,Syncope/flauwte
2022-07-23 04:55:00,St-Jacobs,Alcohol intoxicatie
2022-07-23 05:31:00,St-Jacobs,Alcohol intoxicatie
2022-07-23 06:10:00,St-Jacobs,Huidwonde
2022-07-23 06:42:00,St-Jacobs,Huidwonde
2022-07-23 06:50:00,St-Jacobs,Intoxicatie
2022-07-23 06:36:00,St-Jacobs,Schaafwonde
2022-07-23 07:15:00,St-Jacobs,Intoxicatie
2022-07-23 07:30:00,St-Jacobs,Huidwonde
2022-07-23 07:55:00,St-Jacobs,Huidwonde
2022-07-23 21:58:00,St-Jacobs,Blaren
2022-07-23 22:00:00,St-Jacobs,Blaren
2022-07-23 22:13:00,St-Jacobs,Breuk/kneuzing
2022-07-23 22:26:00,St-Jacobs,Breuk/kneuzing
2022-07-23 22:15:00,St-Jacobs,Schaafwonde
2022-07-23 22:28:00,St-Jacobs,Andere
2022-07-23 22:37:00,St-Jacobs,Huidwonde
2022-07-23 22:30:00,St-Jacobs,Verstuiking enkel
2022-07-23 22:46:00,St-Jacobs,Rugpijn
2022-07-23 23:06:00,St-Jacobs,Huidwonde
2022-07-23 23:20:00,St-Jacobs,Snijwonde
2022-07-23 23:15:00,St-Jacobs,Blaren
2022-07-23 23:35:00,St-Jacobs,Schaafwonde
2022-07-24 00:17:00,St-Jacobs,Brandwonde
2022-07-24 00:34:00,St-Jacobs,Blaren
2022-07-24 00:42:00,St-Jacobs,Keelpijn
2022-07-24 01:10:00,St-Jacobs,Blaren
2022-07-24 01:48:00,St-Jacobs,Schaafwonde
2022-07-24 01:52:00,St-Jacobs,Hoofdpijn
2022-07-24 01:50:00,St-Jacobs,Brandwonde
2022-07-24 01:55:00,St-Jacobs,Hyperventilatie
2022-07-24 02:05:00,St-Jacobs,Blaren
2022-07-24 02:08:00,St-Jacobs,Drugs intoxicatie
2022-07-24 02:25:00,St-Jacobs,Snijwonde
2022-07-24 02:00:00,St-Jacobs,Hyperventilatie
2022-07-24 02:38:00,St-Jacobs,Breuk/kneuzing
2022-07-24 02:54:00,St-Jacobs,Breuk/kneuzing
2022-07-24 02:57:00,St-Jacobs,Brandwonde
2022-07-24 03:05:00,St-Jacobs,Drugs intoxicatie
2022-07-24 02:45:00,St-Jacobs,Epilepsie
2022-07-24 03:12:00,St-Jacobs,Verstuiking enkel
2022-07-24 03:25:00,St-Jacobs,Maag/darm
2022-07-24 03:28:00,St-Jacobs,Menstruatie
2022-07-24 03:35:00,St-Jacobs,Snijwonde
2022-07-24 03:30:00,St-Jacobs,Verstuiking enkel
2022-07-24 03:49:00,St-Jacobs,Breuk/kneuzing
2022-07-24 04:00:00,St-Jacobs,Snijwonde
2022-07-24 03:50:00,St-Jacobs,Intoxicatie
2022-07-24 04:18:00,St-Jacobs,Hoofdpijn
2022-07-24 04:15:00,St-Jacobs,Breuk/kneuzing
2022-07-24 04:45:00,St-Jacobs,Schaafwonde
2022-07-24 04:28:00,St-Jacobs,Verstuiking enkel
2022-07-24 05:07:00,St-Jacobs,Rugpijn
2022-07-24 05:12:00,St-Jacobs,Ademhaling
2022-07-24 05:21:00,St-Jacobs,Snijwonde
2022-07-24 05:45:00,St-Jacobs,Huidwonde
2022-07-24 05:44:00,St-Jacobs,Alcohol intoxicatie
2022-07-24 06:00:00,St-Jacobs,Schaafwonde
2022-07-24 06:24:00,St-Jacobs,Schaafwonde
2022-07-24 06:37:00,St-Jacobs,Brandwonde
2022-07-24 06:37:00,St-Jacobs,Huidwonde
2022-07-24 06:39:00,St-Jacobs,Huidwonde
2022-07-24 07:09:00,St-Jacobs,Schaafwonde
2022-07-24 07:53:00,St-Jacobs,Hoofdpijn
2022-07-24 07:56:00,St-Jacobs,Huidwonde
2022-07-24 21:45:00,St-Jacobs,Schaafwonde
2022-07-24 21:42:00,St-Jacobs,Breuk/kneuzing
2022-07-24 21:49:00,St-Jacobs,Blaren
2022-07-24 21:52:00,St-Jacobs,Blaren
2022-07-24 22:40:00,St-Jacobs,Huidwonde
2022-07-24 22:35:00,St-Jacobs,Blaren
2022-07-24 22:36:00,St-Jacobs,Spierpijn
2022-07-24 22:38:00,St-Jacobs,Blaren
2022-07-24 22:40:00,St-Jacobs,Spierpijn
2022-07-24 22:49:00,St-Jacobs,Verstuiking enkel
2022-07-24 22:50:00,St-Jacobs,Schaafwonde
2022-07-24 22:51:00,St-Jacobs,Blaren
2022-07-24 22:56:00,St-Jacobs,Snijwonde
2022-07-24 22:58:00,St-Jacobs,Huidwonde
2022-07-24 22:59:00,St-Jacobs,Andere
2022-07-24 23:12:00,St-Jacobs,Hoofdpijn
2022-07-24 23:37:00,St-Jacobs,Insectenbeet
2022-07-24 23:54:00,St-Jacobs,Schaafwonde
2022-07-25 00:05:00,St-Jacobs,Syncope/flauwte
2022-07-25 00:10:00,St-Jacobs,Andere
2022-07-25 00:20:00,St-Jacobs,Schaafwonde
2022-07-25 00:22:00,St-Jacobs,Tandpijn
2022-07-25 00:29:00,St-Jacobs,Alcohol intoxicatie
2022-07-25 00:30:00,St-Jacobs,Verstuiking enkel
2022-07-25 00:53:00,St-Jacobs,Andere
2022-07-25 00:56:00,St-Jacobs,Hoofdpijn
2022-07-25 01:32:00,St-Jacobs,Schaafwonde
2022-07-25 01:36:00,St-Jacobs,Intoxicatie
2022-07-25 01:43:00,St-Jacobs,Maag/darm
2022-07-25 01:48:00,St-Jacobs,Schaafwonde
2022-07-25 01:55:00,St-Jacobs,Drugs intoxicatie
2022-07-25 02:07:00,St-Jacobs,Andere
2022-07-25 02:09:00,St-Jacobs,Alcohol intoxicatie
2022-07-25 02:23:00,St-Jacobs,Schaafwonde
2022-07-25 02:38:00,St-Jacobs,Syncope/flauwte
2022-07-25 03:02:00,St-Jacobs,Hoofdpijn
2022-07-25 03:04:00,St-Jacobs,Huidwonde
2022-07-25 03:17:00,St-Jacobs,Huidwonde
2022-07-25 03:30:00,St-Jacobs,Schaafwonde
2022-07-25 03:20:00,St-Jacobs,Huidwonde
2022-07-25 03:40:00,St-Jacobs,Drugs intoxicatie
2022-07-25 04:10:00,St-Jacobs,Alcohol intoxicatie
2022-07-25 04:30:00,St-Jacobs,Syncope/flauwte
2022-07-25 04:47:00,St-Jacobs,Brandwonde
2022-07-25 04:50:00,St-Jacobs,Snijwonde
2022-07-25 05:05:00,St-Jacobs,Schaafwonde
2022-07-25 05:03:00,St-Jacobs,Maag/darm
2022-07-25 05:25:00,St-Jacobs,Neusbloeding
2022-07-25 05:22:00,St-Jacobs,Breuk/kneuzing
2022-07-25 05:44:00,St-Jacobs,Huidwonde
2022-07-25 06:03:00,St-Jacobs,Snijwonde
2022-07-25 06:05:00,St-Jacobs,Huidwonde
2022-07-25 06:09:00,St-Jacobs,Insectenbeet
2022-07-25 06:13:00,St-Jacobs,Insectenbeet
2022-07-25 06:55:00,St-Jacobs,Syncope/flauwte
2022-07-25 07:25:00,St-Jacobs,Blaren
